Item Code,Product Description,Rank
ALY75221U45,WL;18-20 CAMRY;18x8;20SPK,1
ALY05433U20,WL;10-17 EQNOX;17X7;5 DBL,2
ALY62593U20,WL;13-15 ALTIMA;17X7.5;5DBLS,3
ALY75171U35,WL;15-17 CAMRY;17X7;15SPK,4
ALY05646U10,WL;14-20 SILVERADO;18X8.5;5DBL,5
ALY05748U20,WL;16-18 CRUZE;16X7;5DBL,6
ALY05715U20,WL;16-18 MALIBU;17X7.5;5DBL,7
ALY10108U20,WL;17-19 ESCAPE;17X7.5;5DBL,8
ALY09130U20,WL;14-18 CHEROKEE;17X7;5 YSPK,9
ALY64047U20,WL;13-15 ACCORD;17X7.5;10S,10
ALY69929U20,WL;12-15 PASSAT;18X8;5DBLSPK,11
ALY05300U10,WL;07-13 AVA/SIL/TAH;18X8;5SPK,12
ALY62719U30,WL;16-18 ALTIMA;17X7.5;10S,13
ALY03959U25,WL;13-16 FUSN;18X8;5SPK,14
ALY02511U20,WL;15-17 CHRY 200;17X7.5;5 DBL,15
ALY02399U20,WL;11-20 CAR/JRNY;17X6.5;10SP,16
ALY75152U45,WL;14-16 COROLLA;17X7;14SPK,16
ALY63934U20,WL;08-11 ACCORD;17X7.5;7 SPOKE,17
ALY03995U20,WL;15-20 F150;17X7.5;6SPK,18
ALY69604U20,WL;12-14 CAMRY;17X7;5 SPK,19
ALY02380U20,WL;10-17 CALB/PAT;17X6.5;5SP,20
ALY03943U20,WL;13-16 ESCAPE;17X7.5;5SPK,21
ALY71535U20,WL;12-20 BMW 3/4 SER;17X7.5;,22
ALY64075U10,WL;16-22 HRV;17X7.5;5SPK,23
ALY64958U20,WL;14-18 MAZDA6;19X7.5;10 SPK,24
ALY05071U10,WL;06-16 IMPALA;17x6.5;10SPK,25
ALY62721U30,WL;16-19 MAXIMA;18X8.5;5DBL,26
ALY03957U20,WL;13-16 FUSION;17X7.5;5DBL SP,27
ALY05558U20,WL;13-16 MALIBU;16X7.5;5 SPK,28
ALY62746U20,WL;17-20 ROGUE;17X7;5VSPK,29
ALY05299U10,WL;07-12AVA/SIL/TAH;17X7.5;5SP,30
ALY64078U45,WL;16-17 ACCORD;16X7;5V,30
ALY70902U30,WL;16-18 ELANTRA;16X6.5;5DBL,31
ALY05652U80,WL;17-20 TAHOE/SILV;20X9;5SPK,32
ALY03859U20,WL;11-17 EXPLR;18X8;5 5 SPLSPK,33
ALY70804U77,WL;10-13 SON;18X7.5;5DBLS,34
ALY05712U20,WL;16-20 IMPALA;18X8;10SPK,35
ALY75208U45,WL;17-19 COROLLA;17X7;5V SPK,36
ALY69897U20,WL;10-16 JETA;16X6.5;10SP,37
ALY04111U10,WL;12-17 VRNO;18X8;5DBL SP,38
ALY05829U20,WL;18-21 EQUINOX;17x7;5SPL,39
ALY10119U35,WL;16-18 FUSION;17X7.5;10 SP,40
ALY62742U35,WL;17-20 PTHFNDR;18X7.5;15SPK,41
ALY64083U45,WL;16-17 ACCORD;19X8;5DBL,42
ALY62785U45,WL;19-21 ALTIMA;19x8;10SPK,43
ALY64069U20,WL;15-16 CRV;17X7;5SPLT SP,44
ALY64040U20,WL;12-14 CRV;17X6.5;10 SPK,45
ALY05308A80,WL;07-14 AVA/SUB;20X8.5;5 SPK,46
ALY70807U20,WL;11-13 ELANTRA;17X7;7SPK,47
ALY05333U10,WL;08-13 IMPALA;18X7;5 DBL SPK,48
ALY62582U20,WL;12-14 MAXIMA;18X8;5 V SPK,49
ALY75198U30,WL;16-18 RAV4;17X7;10VN,50
ALY03944U20,WL;13-16 ESCAPE;18X7.5;5SPLT,51
ALY05657U10,WL;14-20 SILVRDO;17X8;5 SPK,52
ALY62756U20,WL;16-19 SENTRA;16X6.5;10SPK,53
ALY75220U20,WL;18-20 CAMRY;17x7.5;10SPK,54
ALY05716U45,WL;16-21 MALIBU;18X8.5;10 VN,55
ALY05570U20,WL;13-21 TRAX;16X6.5;5SPK,56
ALY05647U10,WL;14-20 SILVERADO;18X8.5;5SP,57
ALY05710U20,WL;14-19 IMPAL;18X8;5 TRPL SPK,57
ALY75240U20,WL;19-21 RAV4;17x7; 5 SPOKE,58
ALY62511U20,WL;09-11 MAXIMA;18X8;5 V SPK,59
ALY64098U45,WL;16-19 CIVIC;17X7;5SPK,60
ALY03960U20,WL;13-16 FUSN;18X8;10 DBL S,61
ALY69461U20,WL;05-15 TACOMA;16X7;5SPK,61
ALY03922U20,WL;13-19 TAURUS;18X8;5DBL SPK,62
ALY05756U20,WL;16-17 EQUINOX;17X7;5V SPK,62
ALY64037U15,WL;12-19 PILOT;18X7.5;5-SPK,63
ALYMISC350,MISC ALLOY WHEEL,64
ALY02448U20,WL;13-21 RAM1500;17X7;5 SPK,65
ALY62617U20,WL;14-18 ROGUE;17X7;10SPK,66
ALY64057U10,WL;14-17 ODYSSEY;17X7;5DBL S,67
ALY62600U20,WL;13-15 SENTRA;17X6.5;5DBL SP,68
ALY68814U20,WL;14-16 FORESTER;17X7;5 SPK,69
ALY04148U15,WL;17-21 ENCORE;18X7;10SPK,70
ALY64054U45,WL;13-15 CIVIC;16X6.5;5 DBL SP,70
ALY04664U10,WL;10-16 SRX;18X8;7DBLSP,71
ALY75157U45,WL;14-21 TUNDRA;18X8;10VNT,71
ALY74731U20,WL;16-18 OPTIMA;17X7;5DBL,72
ALY09074U20,WL;07-18 WRNGLER;17X7.5;5 SPK,73
ALY64015U20,WL;11-12 ACCORD;17X7.5;5DBL,74
ALY75222U45,WL;18-21 CAMRY;19x8;15SPK,75
ALY03947U20,WL;13-16 ESCAPE;19X8;5 SPK,76
ALY03797U10,WL;10-12 FUSION;17X7.5;10SP,77
ALY05015U30,WL;92-99CHPU;16X7;5-SP;DRK GRY,78
ALY75189U30,WL;16-21 TACOMA;16X7;12VNT,78
ALY70866U20,WL;15-17 SONATA;16X6.5;5DBL S,79
ALY64046U30,WL;15 ACCORD;16X7;5D,80
ALY62594U20,WL;13-18 ALTIMA;18X7.5;5SPLT,81
ALY64954U20,WL;13-16 CX5;17X7;10SPK,81
ALY05894U20,WL;19-21 MALIBU;17x7.5;5 DBL,82
ALY10010U20,WL;15-18 FOCUS;16X7;5DBL,83
ALY69581U10,WL;11-20 SIENNA;17X7;14SPK,84
ALY03832U35,WL;10-14 F150;18X7.5;6SPK,85
ALY74638U20,WL;11-13 OPTIMA;17X6.5;10SP,86
ALY70806U20,WL;11-13 ELANTRA;16X6.5;5SP,87
ALY05334U35,WL;08-12 MALIBU;17X7;5 SPOKE,88
ALY64961U20,WL;14-18 MAZ 3;16X6.5;10SPK,88
ALY69603U20,WL;12-14 CAMRY;17X7;10 SPK,88
ALY05832U10,WL;18-21 EQNX/TERR;19x7.5;5DBL,89
ALY62706U35,WL;15-19 MURANO;18X7.5;5DBL S,89
ALY68798U30,WL;12-16 IMPSPRT;17X7;10SPK,90
ALY68826U30,WL;15-19 OUTBACK;18X7;5DBL,90
ALY62597U35,WL;13-16 PTHFD;18X7.5;10SP,91
ALY64019U30,WL;11-13 ODYSY;17X7;6DBLSP,92
ALY05843U20,WL;18-21 TRAVERSE;18x7.5;10SPK,93
ALY74253U20,WL;10-15 RX350;18X7.5;5SPK,93
ALY05361U10,WL;08-12 MALIBU;18X7;5DBL SPK,94
ALY02521U20,WL;15-21 CHALL/CHGR;18X7.5,95
ALY74338U30,WL;16-21 RX350/450H;20X8;5DB,96
ALY69936U20,WL;10-14 JETA/GLF;17X7;10SP,97
ALY70889U20,WL;16-18 TUCSON;17X7;5 DBLSP,97
ALY69584U20,WL;11-20 SIENNA;17X7;5SPK,98
ALY69463U10,WL;05-15 TACOMA;17X7.5;5SPK,99
ALY74735U20,WL;16-18 SORENTO;17X7;10SPK,99
ALY73763U10,WL;14-21 INF Q50;17X7.5;10 SPK,100
ALY04129U20,WL;13-16 ENCORE;18X7;5SPK,101
ALY05573U30,WL;13-16 ACADIA;19X7.5;6 Y SPK,102
ALY05296U10,WL;07-13 SERA/YUKN;17X7.5;6SPK,103
ALY69812U20,WL;05-18 JETTA;16x6.5;5 DBL S,104
ALY62747U30,WL;17-20 ROGUE;18X7;5DBL,105
ALY05500U10,WL;11-19SIE/SLVR;17X7.5;5SP,106
ALY09137U30,WL;14-16 GRND CHER;20X8;5 SPK,107
ALY05572U30,WL;13-17 TRVERSE;18X7.5;6SPK,108
ALY69605U35,WL;12-14 CAMRY;18X7.5;5 WIDESP,109
ALY03998U95,WL;15-17 F150;18X7.5;6SPK,110
ALY10098U20,WL;17-19 F250/F350SD;18X8;6DBL,111
ALY63938U10,WL;08-13 ACCORD;17X7.5;5 V SP,111
ALY62611U20,WL;14-21 FRONTIER;16X7;6 DBL,112
ALY70877U35,WL;15-17 SONATA;17X7;10SPK,112
ALY63919U10,WL;06-07 ACCORD;17X6.5;9 SPK,113
ALY69626U20,WL;13-15 RAV4;17X7;5 SPK,113
ALY05559U20,WL;13-16 MALIBU;17X8;10 SPK,114
ALY64127U45,WL;18-21 ACCORD;19x8.5;5DBL,115
ALY71317U20,WL;08-13 BMW 3SER;17X8;10V SPK,115
ALY05559U10,WL;13-16 MALIBU;17X8;10 SPK,116
ALY05714U20,WL;16-18 MALIBU;16X7;5SPK,117
ALY68839U45,WL;17-18 FORSTER;17X7;6SPK,117
ALY69928U20,WL;12-15 PASSAT;17X7;5-SPK,117
ALY69624U15,WL;13-16 AVALON;18X7.5;10 SPK,118
ALY74729U20,WL;16-18 OPTIMA;16X6.5;5DBL,118
ALY10003U95,WL;15-17 F150;20X8.5;6DBL SP,119
ALY10059U20,WL;16-19 EXPLORER;18X8;5SPK,119
ALY68824U20,WL;15-20 OUTBCK;17X7;5DBL SP,119
ALY75221U10,WL;18-20 CAMRY;18x8;20 SPOKE,119
ALY71540U35,WL;11-20 BMW 3/4 SER;18X8;5DBL,120
ALY64125U20,WL;18-20 ACCORD;17x7.5;10SPK,121
ALY70802U20,WL;11-14SONAT;16X6.5;5DBLSP,121
ALY05614U10,WL;14-20 IMPALA;19X8.5;10SPK,122
