Factory Wheel Warehouse,,,
Gross Sales By Product,,,
Date Range: 04/01/2021 - 06/30/2021,,,
 ,,,
Product,,Sales,
DAS.6-221B - BERU VALVE STEM 48 GREEN MARK  box of 10 (1093),,19034.72,
DAS.6-207 - TPMS SNAP IN RUBBER VALVE STEM box of 10 (VS950),,17289.00,
W25SFEB - 1/4 oz black,,9383.00,
AW.96103-1 - SILVER 1/4 OZ WHEEL WEIGHTS (1 BOX),,8769.00,
80100 Scuff Pads - Scuff Pads,,7060.50,
MAXS.MT-ALUM-1 - PROGRAMMABLE ALUMINUM SENSOR (1 PIECE),,5665.00,
DAS.6-208 - CLIP STYLE RUBBER VALVE STEM box of 10  (VS90),,5582.08,
ALY71373U20 - WL;10-15 5/7SR;19x8.5;14 VSPALL PAINTED SILVER FRONT,,4139.77,
ALY96965U45 - TESLA 2020 MODEL Y 20X9.5 45MM 118822300B BLACK*CORE 96965,,4037.38,
DAS.TR413 - SNAP-IN STNDRD LNGTH TIRE VALVE BAG 100/bag (TR413),,3672.50,
additional shipping - additional shipping,,3421.64,
DAS.6-231C - CONTINENTAL TPMS KIT W/STEM box of 10  (VS70),,3187.50,
MAXS.MT-RUBR-1 - PROGRAMMABLE RUBBER SENSOR (1 PIECE),,3036.14,
"00102 - 00102 SUNMIGHT 3""X36 GRIT GRINDING DISC 25/BX",,3000.00,
"ALY96231U20 - TESLA 19"" 19x8.5 +40 Silver",,2666.41,
ALY09113U79 - WL;12-19 GRDCHR;20X10;5 SPLITDARK HYPERSILVER,,2614.50,
DAS.1-1400 - TPMS NICKEL PLATED VALVE CORES 100/box (TP-100),,2470.00,
DAS.2-128 - TPMS GREY SMALL PLASTIC VALVE CAP 100/box (TP-650),,2422.00,
ALY75157U45 - WL;14-20 TUNDRA;18X8;10VNTMACHINED AND BLACK,,2373.73,
AW.98100 - VGNA 332Z-2 PCD DIAMOND BIT (1 PIECE),,2232.63,
"ALY74292U79 - 2014-2015 Lexus IS250 18""x8"" (74292)",,1777.52,
ALY73687U78 - WL;06-07 M35/M45;19x8.5;5SPKHYPERSILVER,,1743.36,
ALY97879U79N - ALY97879U79N,,1714.56,
95012B - Wipes,,1708.50,
"ALY97845U45 - Tesla Model X 2018 22"" OEM Factory Wheel Rim",,1695.30,
ALY03629U85N - 07-11 MKZ; CHRM TEXT WIND;NW REPWL;06 ZEPHYR;17x7.5;8SPK,,1678.44,
ALY59864U77 - WL;10-19 XJ;20x10;10DBLSPREAR LIGHT HYPERSILVER,,1664.37,
"DAS.184432 - Plastic, Duckhead Raised Spoke",,1620.00,
ALY70899U79 - WL;17-19 GENESIS;19X9.5;15SPKALL PTD DRK SMK BLK HYPER;REAR,,1494.00,
ALY96930U30 - TESLA 2020 MODEL Y 21X9.5 40MM 118822600B dark charcoal,,1472.52,
DAS.74 - EURO PASTE 22#,,1327.20,
ALY03994U20N - ALL PAINTD LIGHT SILVR METALLCWL;14-17 EXPLR;20X8.5;5DBL SP,,1285.70,
ALY04600U10 - WL;06-08 DTS;17x7;7SPKNO LEDGE IN VENT;MACH AND SILV,,1271.08,
ALY64127U45/GLOSSBLACK - WL;18-19 ACCORD;19x8.5;5DBL FF GLOSS BLACK,,1200.00,
1/8Th Inch ER4043 - Per Tube,,1190.00,
ALY70813U78 - WL;12-15 VELOSTR;18X7.5;5SPMED SMOK HYPSL NO PLASTIC INS,,1165.66,
DAS.RP6-710014120 - Plastic Head for Hunter Auto 34,,1160.00,
ALY85538U35 - Mercedes E-Class 18x8 et43 Machined Charcoal Wheel,,1145.00,
ALY03824U80 - WL;10-12 MKT;20X8;10-ANG SPOLISHED,,1100.00,
ALY02479U45N - ALL PTD GLOSS BLACKWL;13-16 DART;18X7.5;5 SPK,,1077.41,
STL64041U20 - WL;12-16 CRV;16X6.5 SPKSILVER,,1042.70,
ALY04739U20 - WL;15-19 ESCALADE;22X9;7SPKALL PTD SILV;CHRM INRT NOT INC,,1040.00,
ALY86275U35 - WL;16-19 7 SERS;19X8.5;5DBL SSLW MACH/MED SILV MET;FRNT,,1036.52,
"September 13, 2021 2:48:24 PM EDT",Page 1 of ,,21
Factory Wheel Warehouse,,,
Gross Sales By Product,,,
Date Range: 04/01/2021 - 06/30/2021,,,
 ,,,
Product,,Sales,
ALY96575U30 - ALY96575U30,,1026.88,
ALY03998U95 - WL;15-17 F150;18X7.5;6SPKLIGHT PVD CHROME OE,,1013.19,
ALY64127U45 - WL;18-19 ACCORD;19x8.5;5DBLMACHINED AND BLACK,,1005.00,
ALY85011U20 - WL;08-9 MB E550;18X8.5;5 SPOKEALL PAINTED SILVER,,1000.00,
ALY96143U15 - 2017-2020 BMW 4 SERIES 19X8 5 DOUBLE MACHINED DARK SILVER METALLIC,,985.71,
ALY09137U30N - MACHINED AND CHARC;NW REPWL;14-16 GRND CHER;20X8;5 SPK,,982.44,
STL03872U40 - STL03872U40,,975.70,
"ALY65236U80 - 2001-2002 Mercedes Benz S600 17""x7.5"" (65236)",,956.20,
ALY85355U35 - WL;14-19 S CLS;20X9.5;14 SPMACHD AND CHARC MET/ REAR,,950.00,
"ALY71535U20 - 2012-2015 BMW 335i 17""x7.5"" (71535)",,906.23,
ALY63990U20 - WL;09-12 FIT;16X6;14 SPKALL PAINTED SILVER,,906.20,
ALY75236U30N - ALY75236U30N,,902.56,
"ALY70843U35 - 2013-2014 Hyundai Sonata 18""x7.5"" (70843)",,902.48,
ALY68848U30 - WL;17-20 IMPREZA;18 IN;10SPKMACHINED AND MED CHARCOAL,,896.07,
ALY04818U20 - WL;18-19 XTS;19x8.5;7DBLALL PAINTED BRIGHT SILVER,,876.87,
ALY05116U10 - WL;01-05 S10/SONOMA;16X8MACH/LT CHARCOAL,,864.92,
"ALY71540U35 - 2012-2016 BMW 320i 18""x8"" (71540)",,864.14,
ALY98727U20 - ALL PAINTED BRIGHT SILVER METALLIC,,860.56,
"ALY05254U80 - 2006-2009 Chevrolet Trailblazer 20""x8"" (5254)",,860.00,
ALY70448U45 - WL;18-19 XC60;20x8;8SPOKEMACHINED AND BLACK,,857.81,
ALY71544U10 - WL;12-16 3 SER;18X8;20SPMACHINED AND SILV METALLIC,,857.49,
ALY74159U20 - WL;01-04 LS430;17X7.5;7SPKALL PAINTED SILVER,,846.32,
ALY85099U20 - WL;10-11 C CLS;17X7.5;5-SPK ALL PAINTED SILVER FRONT,,844.14,
ALY74355U30 - WL;16-19 LEX IS;18x8;5 SPK;FRTMACHND AND DARK CHAR,,814.64,
ALY71418U20 - WL;11-19 5SER;19X9;5DBLSPREAR BRIGHT SILVER FF,,809.99,
180 grit - sand paper,,808.60,
ALY74292U78 - WL;14-20 IS350;18X8;5 DBL SPKDARK SMOKED HYPSILVR/FRONT,,807.98,
ALY05361U10 - WL;08-12 MALIBU;18X7;5DBL SPKMACHINED AND SILVER,,807.35,
ALY71332U20 - WL;09-16 7 SER;19X8.5;15WIDE SALL PAINTED SILV,,800.81,
ALY09074U20 - WL;07-18 WRNGLER;17X7.5;5 SPKALL PNT BRT SPRKL SILVR,,800.00,
ALY75156U20 - WL;14-18 TUNDRA;18X8;5SPKALL PTD BRIGHT SILVER,,780.00,
ALY85269U45 - WL;13-15 MB C CLS;18X7.5;7 DBLMACHINED AND BLACK FRONT,,775.00,
ALY65373U78 - WL;06-07CLS CLASS;18x8.5;10SPKHYPERSILVER;FRONT,,754.98,
ALY05665U79 - WL;14-19 CHV/GMC1500;22X9;7SPKALL PTD DARK SMKD HYPERSILVER,,730.62,
DAS.RP11811400327 - PLASTIC DUCKBILL HUNTER TCX500,,730.25,
ALY69490U20 - WL;04-06 SCION XB;15IN;14SPK,,729.96,
ALY75221U46 - WL;18-20 CAMRY;18x8;20SPKALL PAINTED BLACK,,729.76,
"AW.98105 - 163X12"" EXT LENGTH RH MVJNJ TOOLHOLDER",,729.00,
ALY85504U78 - WL;15-19 S CLS;20X8.5;12DBLBRT SMOKD HYPSILVR FF;FRONT,,725.00,
ALY02483U20 - WL;13-16 DART;16X7;5 SPOKESALL PAINTED SPARKLE SILVER,,724.96,
ALY04781U20 - WL;17-19 LACROSSE;20X8.5;10DBALL PAINT BRIGHT SILV BLK PRIM,,724.96,
ALY74694U45 - WL;14-19 SOUL;18X7.5;10 VNTMACHD AND BLK/TAKE PLT NT INC,,724.96,
ALY85057U10 - WL;08-15 C CLASS;18X8.5;5DBL SREAR MACHINED AND SILVER,,704.50,
"September 13, 2021 2:48:24 PM EDT",Page 2 of ,,21
Factory Wheel Warehouse,,,
Gross Sales By Product,,,
Date Range: 04/01/2021 - 06/30/2021,,,
 ,,,
Product,,Sales,
"ALY99477U20 - 2005 - 2007	Maserati	Quattroporte",,701.19,
ALY03804U86 - ALY03804U86,,700.00,
ALY86272U20 - WL;16-19 7 SER;18X8;5V SPALL PTD BRIGHT SILVER,,700.00,
ALY71731U20 - WL;04-05 TSX;17X7;7SPOKESILVER,,695.75,
ALY85374U45 - WL;15-18 C CLS;19X7.5;14SPKMACHINED AND GLOSS BLACK;FRNT,,690.00,
ALY69557U20 - WL;9-13 VENZA;19X7.5;10SPALL PAINTED SILVER,,688.12,
600 grit - sand paper,,684.20,
ALY04569U20 - WL;03-05 DEVLLE;16x7;7SPOKESSILVER,,680.00,
ALY10124U30 - WL;17-19 FUSION;19x8;5DBLMACHD DARK CHARCOAL METALLIC,,680.00,
ALY96352U30 - WL;2019 BMW 6 SERIES 20X9 5 DOUBLE SPOKE,,680.00,
ALY05772U10 - WL;16-17 TERAIN;18X7;6SPKMACHINED AND SILVER,,675.00,
ALY75222U45 - WL;18-20 CAMRY;19x8;15SPKMACHD AND GLOSS BLACK,,675.00,
ALY58172U35 - WL;18-19 STELVIO;19x8;10 SLOT,,670.86,
ALY69980U45 - WL;15-19 GTI;18X7.5;5TWS SPMACHINED AND BLACK,,662.49,
ALY71625U30 - WL;12-16 M5;20X9;7SPKFRONT/MACHD AND DRK CHR MET,,660.00,
ALY01320U15 - WL;83-94 S-10;15X7;5-SLOT;SILV83-94 JIMMY S15/83-93 SONOMA,,659.96,
ALY85108U10 - WL;10-12 GL;21X10;5-SPKMACHINED AND SILVER,,657.79,
ALY09164U55 - WL;17-19 GRND CHER;18x8;10 SPALL PAINTED BRONZE,,652.83,
ALY70858U20 - WL;14-16 ELANTRA;15X6;5SPKALL PTD BRIGHT SILV/USES TPMS,,650.00,
ALY85372U35 - WL;15-19 C CLS;18X7.5;5SPKMACHD AND CHARC METALLIC;FRT,,650.00,
ALY69516U10N - MACHINED AND SILVERWL;07-13 TUNDRA;18X8;5 SPK,,642.84,
ALY86217U30 - WL;16-19 X1;18X7.5;5Y SPMACHD/DARK CHARC MET,,625.52,
ALY85223U10 - WL;12-15 C CLS;18X8;7 SPKMACHINED AND SILVER FRONT,,625.00,
"ALY96249U30 - 2018 TESLA MODEL S 21""",,623.69,
"ALY05759U45OE - WL;FRT;16-19 CAMARO;20X8.5;5SP	BLK W RED STRP;W/GROOVE IN LIP",,620.00,
"ALY05763U45OE - WL;REAR;16-19 CMARO;20X9.5;5SP	BLK W RED STRP;W/GROOVE ON LIP",,620.00,
ALY69429U20 - WL;03-07 4RUNNER;17x7.5;5 SPK1/2DROP FRM FACE TO RETEN LEDG,,620.00,
ALY96250U30 - ALL PAINTED DARK CHARCOAL,,609.81,
ALY70870U35 - WL;15-18 GEN SED;18X8;15SPKMACHD AND LT CHARCOAL,,601.26,
ALY85673U30 - WL RR;19-20 CLS CLASS;20x9; MACH CHARCOAL,,600.00,
STL62368U20 - WL;00-04NISSAN PU;XTRA;15X7,,600.00,
ALY86013U30 - WL;14-19 4 SERS;19X8;5 DBL,,599.92,
ALY86267U20 - WL;16-19 3 SER;18X8.5;5DBL SALL PTD SPARKLE SILV;REAR,,597.74,
ALY59382U20 - WL;01-06 BMW 3;18X8;10SPK;FTSILVER,,597.08,
ALY05664U45 - WL;14-19SILV/SIER;22X9;5SPKMACHINED AND GLOSS BLACK,,596.54,
ALY59853U20 - WL;10-13 XK;19X8.5;10DBLSPKALL PAINTED SILVER FRONT,,590.56,
ALY68851U30 - WL;18-19 WRX;18X8.5;10SPKALL PTD DARK CHARCOAL,,588.75,
"STL08094U20 - 2011-2015 Chevrolet GMC Silverado Sierra Steel 17""",,586.50,
"ALY98727U30 - 2012-2013 Tesla Model S 21""x8.5"" (98727)",,584.58,
ALY70424U45 - WL;16-19 XC90;22X9;5DBLMACHINED AND GLOSS BLACK,,581.89,
ALY05574U35 - ALY05575U35,,581.11,
ALY64111U15 - WL;17-19 CRV;18X7.5;6 SPKMACHD/DARK SILV METALLIC,,580.28,
ALY85371U35 - WL;15-18 C CLS;18X8.5;5DBLMACHD AND MED CHARC MET;REAR,,577.64,
"September 13, 2021 2:48:24 PM EDT",Page 3 of ,,21
Factory Wheel Warehouse,,,
Gross Sales By Product,,,
Date Range: 04/01/2021 - 06/30/2021,,,
 ,,,
Product,,Sales,
ALY71424U10 - WL;11-19 5SER;20X8.5;5 VSPMACHINED AND DARK SILVER FRONT,,574.82,
"ALY71515U10 - 2011-2016 BMW 528i 19""x8.5"" (71515)",,572.61,
ALY02593U20 - WL;17-19 PACIFICA;18X7.5;10VALL PAINTED BRIGHT SILVER,,570.69,
ALY05758U20 - WL;16-19 CAMARO;18X8.5;5SPALL PTD SILVER,,570.00,
ALY64047U20 - WL;13-15 ACCORD;17X7.5;10SALL PAINTED SILVER,,570.00,
ALY85083U35 - WL;09-12 SLCLASS;19X9.5;5TRIPREAR/MACH AND MED SILV,,565.00,
ALY62739U35 - WL;17-19 ARMADA;20X8;6SPKMACHD/DARK CHARCOAL METALLIC,,562.70,
ALY71380U20 - WL;10-13 5/7SER;20X10;10DBLALL PAINTED SILVER REAR,,560.00,
ALY69582U78N - SILVER - HYPER PAINT 2010 - 2018 | TOYOTA | SIENNA | 19x7 | 5-114mm (4in) | 6 SPOKE,,559.68,
ALY86422U45 cut thin - allpainted gloss black,,556.59,
ALY86128U35 - WL;14-18 BMW 228I;18X7.5;5DBLALL PTD MED CHARC/FRONT,,550.00,
ALY86422U45 - WL;19 BMW M850i;20x8;5 Y SPOKE,,550.00,
ALY03338U10 - WL;99-04FD PU SDUTY;16x7;8 HOL00-05 EXCURSION,,548.06,
ALY64016U35 - WL;11-12 ACCORD;18X8;5SPKMEDIUM CHARCOAL FF,,547.32,
ALY64127U45N - WL;18-19 ACCORD;19x8.5;5DBL FF GLOSS BLACK,,545.98,
ALY62723U46 - WL;16-20 MAXIMA;19X8.5;10SPALL PAINTED GLOSS BLACK,,540.00,
ALY59016U10 - WL;17-18 S8;21 INCH;5DBL SPKMACHINED AND SILVER,,531.30,
ALY59016U45 - WL;17-18 S8;21 INCH;5DBL SPKMACHINED AND BLACK,,531.30,
ALY67496U20 - ALY67496U20,,530.00,
ALY70029U20 - WL;18-19 ATLAS;20x8;15SPK,,528.49,
DAS.2-158 - BLACK PLASTIC SEALING VALVE CAP 100/box (635),,525.00,
ALY58952U30 - WL;15-18 S3;19X8;5DBL SPMACHD AND DARK CHARCOAL,,524.99,
ALY59817U20 - WL;07-12 XK8;20X8.5;5 TWN SPKFRONT;ALL PAINTED SILVER,,520.00,
ALY67418U45 - WL;11-13 PANAM;20X11.5;15SPBLACK REAR,,519.60,
ALY86193U30 - WL;16-19 X5M/X6M;20X11.5;10SPMACHD/DARK CHAR MET;REAR,,519.60,
ALY03399U80 - WL;00-3 F150 PU;16X7;5SWRL SPK04 FORD PICKUP HERITAGE,,516.54,
ALY85270U45 - WL;13 MB C CLS;18X8.5;7 DBL SPMACHINED AND BLACK REAR,,510.00,
ALY05533U90 - WL;12-13 CAM ZL1;20X11;5 SPKPOLISHED AND SILVER REAR,,505.99,
ALY85549U45 - WL;17-18 GLC;21X8.5;10SPK,,505.99,
ALY85661U45 - WL RR;19 E-CLASS;20x9;5 DBLMACHINED/GLOSS BLACK,,505.99,
ALY59876U30 - WL;10-19 XJ/XK;20X10;7YSPOKESREAR MACHD CORE-CHARCOAL,,500.00,
ALY73766U35 - WL;14 Q50;19X8.5;5 TRI SPKMACHD AND MED CHARC MET,,500.00,
ALY96930U30*CORE - TESLA 2020 MODEL Y 21X9.5 40MM 118822600B dark charcoal,,500.00,
ALY98159U77 - 2009-2010 Bentley Continental (98159),,500.00,
ALY86012U30 - WL;14-19 4 SERS;19X8;5 TRI SPMACHINED AND CHARCOAL/FRONT,,494.99,
ALY59047U45 - WL;18-19 RS5;20x9;5 SPLITMACHINED BLACK METALLIC,,493.73,
ALY85258U20 - WL;12-13 E CLS;18X8.5;10 SPKALL PAINTED SILVER FRONT,,490.81,
ALY74332U30 - WL;16-18 ES350;17X7;10DBLMACHD DRK CHARC MET,,490.03,
ALY71409U20 - WL;11-19 5 SERIES;18X8;15SPALL PAINTED SILVER,,489.14,
ALY75236U30 - WL;19-20 COROLLA;18x8;5 DBLMACHD/DARK CHARCOAL MET,,488.27,
ALY85058U10 - WL;08-15 C CLASS;18X8;5DBL SPKFRONT MACHINED AND SILVER,,485.00,
STL69512U45 - WL;07-18 TUNDRA;18X8;18 HOLES,,484.04,
ALY74731U20N - ALY74731U20N,,481.98,
STL70169U45 - STL70169U45,,480.02,
"September 13, 2021 2:48:24 PM EDT",Page 4 of ,,21
Factory Wheel Warehouse,,,
Gross Sales By Product,,,
Date Range: 04/01/2021 - 06/30/2021,,,
 ,,,
Product,,Sales,
STL69625U45 - WL;13-18 RAV4;17X6.5;5 SPK,,476.81,
100 grit - sand paper,,475.68,
ALY70423U10 - WL;16-19 XC90;21X9;8SPKMACHD AND SPARK SILVER,,475.00,
ALY02479U20N - ALL PTD BRIGHT SILV METALLICWL;13-16 DART;18X7.5;5 SPK,,471.40,
STL99024U45 - WL STL;03-07 WRNGLR;15X7;5SP,,465.85,
STL08095U20 - WL;11-19SLV/SIE;17X7.5;5SLT,,461.64,
STL69202U45 - WL;4 RUNNER 86-95;15X6;BLACK,,461.47,
ALY85335U30 - WL;14-18 CLA CLS;18X7.5;5DBLMACHINED AND CHARCOAL SILVER,,461.19,
ALY02528U45 - WL;15-19 CHALGR;20X9.5;7DBL SALL PAINTED BLACK,,455.39,
ALY68808U10 - WL;13-14 LEG;17X7.5;10 SPKMACHD AND BRIGHT SILV MET,,453.86,
STL62624U20 - WL;12-19 NIS NV;17X7.5;16HOL,,451.71,
ALY71414U45 - WL;11-19 5SER;19X8.5;5DBLSPFRONT GLOSS BLACK,,450.00,
STL08072U45 - WL;06-13 SIERRA 1500;17X7.55,,445.94,
ALY97879U79 - ALY97879U79,,442.27,
ALY68872U35 - WL;19-20 ASCENT;20x7.5;5 DBLMACHD/MED CHARCOAL METALLIC,,439.99,
ALY75222U45N - 15SPK;MACHD AND GLOSS BLACKWL;REPLICA;18-20 CAMRY;19x8,,435.90,
ALY61688U45 - WL;17 500;15X6;10SPKALL PAINTED GLOSS BLACK,,432.64,
ALY03905U20 - WL;13-18 FOCUS;18X8;5 Y SPKALL PAINTED SPARKLE SILVER,,430.06,
ALY04597U20 - WL;06-07 CTS;18x8;12SPKALL PAINTED SILVER,,430.06,
ALY65190U10 - WL;98-9 C-CLASS;15X7;8HOLEMACHINED AND SILVER,,430.00,
ALY69558U78N - ALL PNTD SMOKED HYPER SILVERWL;9-15 VENZA;20X7.5;5SPK,,427.78,
ALY02508U20 - WL;15-19 CHALLENGER;20x8;5 SPKALL PAINT BRIGHT SILV BLK PRIM,,426.68,
ALY71590U10 - WL;10-17 5/7SER;21X10;20SPKMACHD AND MED SILV MET;RR,,425.03,
"ALY59444U45 - 2002-2006 BMW X5 17""x7.5"" (59444)",,425.00,
ALY05477U77N - BRIT HYPERSILVER FF;NW REPLICAWL;11-14CRUZ;18X7.5;5SPLT S,,424.40,
ALY69951U10 - WL;13-7 CC;17X8;5 SPKMACHINED AND LIGHT SILVER,,423.16,
ALY59695U10 - WL;98-99 XJ8;18 INCHSILVER,,423.02,
STL02190U45 - STL02190U45,,420.28,
ALY64048U25*CORE - WL;13-15 ACCORD;18X8;10VNMACH AND MED CHAR MET TEXT,,420.00,
ALY09132A20 - WL;14-18 CHEROKEE;18x7;5 DBL ALL PTD SILV W/BLACK PRIMER,,418.14,
ALY59839U20 - WL;09 JAG XF;20X9.5;5 WIDE SPKREAR/ ALL PAINTED SILVER,,415.00,
ALY73793U35 - WL;17-20 Q60;19X9;20SPKMACHD AND MED CHARC MET,,415.00,
STL02185U45 - STL02185U45,,411.51,
ALY05921U80 - WL;19 SIER/SILV;22x9;18 SPOKEALL POLISHED,,404.80,
SECO.57023020 - VNGP332 M1 CARBIDE TURNING INSERT SOLD AS EACH BIT,,404.30,
ALY72288U45 - WL;17-19 DISCOVERY;20X8.5;10SPALL PAINTED BLACK,,402.26,
ALY74370U95 - 18-20 LEXUS LS500 20X8.5 20 SPOKE,,400.00,
ALY97343U10 - ALY97343U10,,400.00,
ALY86220U35 - WL;16-19 X1;19X8;5Y SPMACHD/MED CHARC METALLIC,,399.74,
AW.96101-1 - SILVER 1/2 OZ WHEEL WEIGHTS (1 BOX),,399.60,
ALY86001U35 - WL;11-16 5/6 SER;19X8.5;10SPMACHINED AND LT CHARC/FRONT,,395.00,
STL63927U20 - WL;07-11 CRV;17X6.5;5 SPOKE,,392.12,
STL69394U20 - WL;00-06 TUNDRA;16X7;5 HOL,,392.12,
"STL99048U20 - 2007-2013 Toyota Tacoma Steel 16""",,392.12,
"September 13, 2021 2:48:24 PM EDT",Page 5 of ,,21
Factory Wheel Warehouse,,,
Gross Sales By Product,,,
Date Range: 04/01/2021 - 06/30/2021,,,
 ,,,
Product,,Sales,
ALY70804U77 - WL;10-13 SON;18X7.5;5DBLSLIGHT SMOKED HYPERSILVER FF,,392.05,
ALY05304U85N - SILVER - CHROME 2007-2013 | GMC | SIERRA 1500 | 20x8.5 | 8-139mm (5in) | 6,,390.00,
DAS.6-228S - TPMS VALVE STEM ASSY FOR MERCEDES box of 10 (9066K),,387.20,
ALY64037U35 - WL;12-19 PILOT;18X7.5;5-SPKMACHD/DARK CHARC W/BLK PRIMR,,385.94,
ALY85012U20 - WL;08-09 MB E550;18X9;5 SPOKEREAR/ ALL PAINTED SILVER,,382.02,
ALY97410U10 - 2018 MASERATI GRANSPORT 20X10.5,,382.02,
ALY75221U45 - WL;18-20 CAMRY;18x8;20SPKMACHD AND GLOSS BLACK,,381.24,
ALY86335U35 - WL FT;17-19 5 SERS;20X8;5DBL,,380.00,
ALY74717U95 - WL;15-18 SEDONA;19X7.5;5DBLLIGHT PVD CHROME OE,,376.22,
ALY96953U30 - ALY96953U30,,376.20,
ALY59012U20 - WL;17-18 Q7;21 INCH;5 DBLALL PAINTED SILVER,,375.00,
ALY62583U35 - WL;13-14 MAXIMA;19X8;5 Y SPKALL PANTD MEDIUM CHARC MET,,375.00,
ALY72247U20 - WL;13-19 RNG RVR;22X9.5;10SPKALL PAINTED SPARKLE SILVER,,375.00,
ALY86095U45 - WL;15-19 M3/M4;19X10;5DBLMACHD AND BLK SLW MACH;REAR,,375.00,
ALY86281U30 - WL;16-19 7 SER;20X8.5;5DBLMACHD W DRK CHARC MET;FRNT,,375.00,
ALY74278U77 - WL;13-18 ES350;18X7.5;20 SPKBRIGHT HYPERSILVER FF,,374.70,
ALY10127U79 - WL;17-19 MKZ;18X8;15SPKMACHD/DARK SMOKED HYPSILV,,373.50,
ALY04696U80N - ALL POLISHEDWL;13-16 XTS;19X8.5;10SPK,,372.38,
ALY71514U30 - ALY71514U30,,372.00,
ALY69601U20 - WL;13-18 PRIUS V;17X7;10 SPKALL PAINTED SILVER,,366.82,
ALY96508A30 - ALY96508A30,,366.82,
"ALY05446U45 - 2010-2016 Chevrolet Camaro Aluminium  20""",,365.85,
ALY69822A45 - WL;05-14 JETTA/GTI;18X7.5;5SPKMACHINED AND BLACK,,365.85,
ALY75221U10 - WL;18-20 CAMRY;18x8;20 SPOKEMACHINED SILVER,,364.65,
ALY69992U20 - WL;15-18 GOLF;16X6.5;5SPKALL PAINTED SILVER,,362.48,
ALY73782U30 - WL;16-20 QX60;18X7.5;15SPKMACHD DARK CHARC W BLK PRIM,,361.24,
ALY03656U10 - WL;07-9 MKZ;17X7.5;8 SP W RIBSMACHINED AND SILVER,,360.00,
ALY63919U10 - WL;06-07 ACCORD;17X6.5;9 SPKMACHINED W/SILVER VENTS,,360.00,
ALY70926U30 - WL;18-19 ELANTRA;17x7;10SPKMACHD/DARK CHAR METALLIC,,360.00,
ALY09105U20 - WL;11-14 GRND CHR;18X8;5SPKSPARKLE SILVER FF,,355.00,
ALY03859U20 - WL;11-17 EXPLR;18X8;5 5 SPLSPKALL PNT BRIGHT SILVER METALLIC,,352.43,
ALY59430U20 - WL;01-06 3 SERIES;17X8;5 SPOKEALL PAINTED SILVER,,352.21,
ALY05309U85N - OE CHROME;09-13 HYBRIDWL;07-13 ESCALADE;22X9;7 SPK,,351.65,
ALY69517U20 - WL;08-17 SEQOIA;18X8;5 SPK,,351.24,
ALY85541U30 - WL FT;16-20 E CLS;19X8;5DBL SMACH CHARC SILV;FRNT,,350.00,
ALY85607U35 - ALY85607U35,,350.00,
ALY98578U20 - 2012 AUDI A7 19X8,,350.00,
ALY74368U79 - WL FT;18-19 LS500;20x8.5;10 SPALL PTD BLACK SMOKED HYPER,,349.83,
"STL01160U50 - 1980-1991 Ford Bronco Pickup Ford FullSize Steel 15""",,346.23,
ALY64896U20 - WL;07-9 MAZDA3;18X7;10 SPOKEALL PAINTED SILVER,,344.00,
ALY09136U90 - WL;14-16 GRND CHER;18X8;10 SPKPOLISHED W LT SILV MET BLK PRI,,340.00,
ALY62785U45 - WL;19-20 ALTIMA;19x8;10SPKMACHINED AND BLACK,,340.00,
ALY62511U20 - WL;09-11 MAXIMA;18X8;5 V SPKALL PAINTED SILVER,,339.44,
"ALY69566U10 - 2010-2011 Toyota Camry 17""x7"" (69566)",,339.44,
"September 13, 2021 2:48:24 PM EDT",Page 6 of ,,21
Factory Wheel Warehouse,,,
Gross Sales By Product,,,
Date Range: 04/01/2021 - 06/30/2021,,,
 ,,,
Product,,Sales,
ALY03285U10 - WL;17X8;GT;98-04 MUSTANG;5SPKS98 COBRA,,334.68,
ALY65240U10N - NOTE;WO/AMG IMPRINT ON SPKWL;00-02 E-CLASS;18X9;REAR,,334.68,
ALY86180L45 - WL;14-19 I3;20X5.5;10SLTMACHD AND BLK;REAR LEFT,,334.68,
ALY86409U30 - WL;18-19 640i;19x8.5;10 SPOKEMACHD/DARK CHARCOAL METALLIC,,334.68,
ALY03318U85N - ORIGINAL EQUIPMENT CHROMEWL;98-2TWNCAR;16X7;16OVALS;CHR,,331.76,
ALY05459U20 - WL;09-13 CORVT;19X10;10DBLSALL PAINTED SILVER FRONT,,331.42,
ALY86328U30 - WL;17-19 5 SER;19X8;10SPKMACHD/ DARK CHARC;FRONT,,330.00,
ALY05460U20 - WL;10-13 CORVT;18X9.5;5SPBRIGHT MET SILVER FRONT,,328.69,
ALY71359U20 - WL;9-16 Z4;18X8.5;10-VSPKALL PAINTED SILVER REAR,,328.69,
ALY86361U30 - WL RR;18-19BMW X3;20x9.5;5 DBL MACHINED AND DARK CHARCOAL; RR,,328.69,
ALY10081U45 - WL;16-17 MSTNG;19X8.5;5SPK,,326.98,
ALY86479U30 - WL;18-19 X2;19x8;5 Y SPOKEMACHINED/DARK CHARCOAL MET,,324.00,
ALY86351U10 - WL;18-19 X3;19x7.5;10 SPOKEMACHINED AND GREY METALLIC,,322.00,
PVD Refinish - PVD Refinish,,320.00,
DAS.75N - EURO PASTE 7.7 LBS.LO-PROFILE,,316.00,
ALY71534U20*CORE - WL;12-19 3 SER;17X7.5;5DBL S,,315.20,
ALY05798U79 - WL;17-19 ACADIA;18X7.5;12 SPKALL PTD DARK SMKD HYPSILVER,,315.00,
ALY64119U20 - WL;18-19 ODYSSEY;18x7.5;5SPOKEALL PAINTED SILVER METALLIC,,315.00,
ALY59819U10 - WL;07-12 XK;18X8.5;7 SP W GRVALL PAINTED SILVER,,310.00,
ALY02399U20 - WL;11-9 CAR/JRNY;17X6.5;10SPALL PAINTED SILVER,,309.99,
ALY04715U30 - WL;14-19 CTS;18X8.5;15 SPKALL PAINTED CHARCOAL,,302.59,
ALY96620U30 - WL;2019-2020 BMW 3 SERIES 18X7.5 5 SPLIT,,302.59,
ALY69929U20 - WL;12-15 PASSAT;18X8;5DBLSPKALL PAINTED SPARKLE SILVER,,301.24,
STL64023U45 - WL;12-14CIVIC;15X6;20 HOLE,,301.13,
ALY05672U20 - WL;15-20 CAN/COL;17X8;5SPALL PTD FLAT LIGHT SILVER,,300.63,
ALY10062U30 - WL;16-19 EXPLR;20X8.5;15SPKMACHINED AND CHARCOAL,,300.63,
ALY59598U20 - WL;06-13 3 SERIES;19x8;5SPKALL PAINTED SILVER,,300.63,
ALY70015U10 - WL;17-19 GOLF;18 X 7.5;5Y SPKMACHINED AND SILVER,,300.63,
ALY70037U30 - WL;18-19 TIGUAN;17x7;10SPLMACHD AND DARK BLUISH CHARCOAL,,300.63,
"ALY71514U10 - 2011-2016 BMW 528i 19""8.5"" (71514)",,300.63,
ALY71619U20 - WL;12-19 3SERIES;18X8.5;5DBL SALL PNTD SPARKLE SILVER REAR,,300.63,
ALY72274U20 - WL;16-19 EVOQUE;19X8;7DBLALL PTD SILVER,,300.63,
ALY74337U35 - WL;16-19 RX350;20X8;10SPK,,300.63,
ALY74365U30 - WL RR;16-19 LEX IS;18x8.5;5SPKMACHND AND DARK CHARCOAL,,300.63,
ALY85553U35 - WL;17-19 GL CLS;20X8.5;10SPKMACHD AND MED CHARC MET,,300.63,
ALY96921U30 - 2020 TESLA MODEL S 19X8.5,,300.63,
ALY05916U30 - WL;19 CHEV/GMC1500;20X9;10SPKMACH/DARK CHAR METALLIC,,300.00,
ALY10184U80 - WL;18 EXPLORER;20x8.5;5DBL,,300.00,
ALY59036U20 - WL;18-19 AUDI Q5;18x8;5 DOUBLE SPALL PAINTED BRIGHT SILVER,,300.00,
ALY59611U20 - WL;06-13 3 SERIE;17X8;5FLATSPKALL PAINTED SILVER,,300.00,
ALY59619U20 - WL;06-13 BMW 3;18X8.5;5 SPKALL PAINTED SILVER REAR,,300.00,
ALY70046U20 - WL;19-20 JETTA;17x7;5 DOUBLEALL PAINTED GREY SILVER,,300.00,
"September 13, 2021 2:48:24 PM EDT",Page 7 of ,,21
Factory Wheel Warehouse,,,
Gross Sales By Product,,,
Date Range: 04/01/2021 - 06/30/2021,,,
 ,,,
Product,,Sales,
ALY71320U20 - WL;08-13 BMW 3SER;18X8;5 SPKFRONT/ALL PAINTED SILV,,300.00,
ALY74749U45 - WL;17-19 SPRTAGE;18X7;5V SPKMACHINED AND BLACK;W/TPMS,,300.00,
ALY85349U30 - WL;14-19 S CLS;19X8.5;5DBL SP,,300.00,
ALY85361U20 - WL;13-19 GL CLASS;19X8.5;5DBALL PNTD BRIGHT SILVER METALLC,,300.00,
ALY85382U20 - WL;15-20 GLA CLS;18X7;5DBLALL PTD BRT SPARK SILV MET,,300.00,
ALY97864U77 - WL;2016-2020 MAZDA CX9 5 DBL SPK 20X8.5 LIGHT HYPER SILVER,,300.00,
ALY58160U35 - WL;17-20 GIULIA;18x8;20 SPOKEMACHD AND LIGHT CHARCOAL MET,,298.69,
ALY70010U20 - WL;17 TIGUAN;18X8;5DBL SPK,,298.69,
ALY85231U10 - WL;12-18 CLS550;18X9.5;5 SPKBRIGHT SPARKLE SLVR MACH REAR,,298.69,
ALY10113U30 - WL;17-19 EXPLR;20X8.5;5DBLALL PTD DARK CHARC MET,,298.27,
ALY70002U20 - WL;16-19 PASSAT;19X8;5 DBLALL PTD MED SILVER,,298.27,
ALY71543U20 - WL;12-19 3 SERIES;18X8;10 SPKALL PAINTED BRIGHT SILVER,,298.27,
ALY96303U45 - ALY96303U45,,298.27,
ALY99807U20 - ALY99807U20,,298.27,
ALY69452U20N - SILVERWL;04-09 CAM/SOL;17X7;5 SPOKE,,297.60,
ALY58159U20 - WL;17-19 GIULIA;18x8;10 SPOKEALL PAINTED SILVER,,297.49,
ALY10143U20 - WL;18-20 EXPEDITN;20x8.5;6 SPALL PAINTED SILVER,,297.07,
ALY62746U45 - WL;17-19 ROGUE;17X7;5VSPKALL PAINTED BLACK,,297.07,
ALY71325U20 - WL;09-19 BMW 7SER;18X8;10SPKALL PAINTED SILVER,,297.07,
ALY71339U20 - WL;09-16 7 SER;20X8.5;13V SPK,,297.07,
ALY71408U20 - WL;11-19 5 SERIES;18X8;10SPALL PAINTED SILVER,,297.07,
ALY85512U20 - WL;17 C CLS;18X7.5;5SPKALL PTD MED SILV MET; FRONT,,297.07,
ALY02187B80 - WL;06-09 DODGE PU;17X8;8 LUGPOLISHED,,296.31,
ALY70313U78 - WL;07-10 70/80;18X7;7DBL SPKHYPERSILVER,,296.20,
ALY96237U20 - ALY96237U20,,296.20,
ALY85236A45 - WL FT;12-16 MB E63 WGN;19X9;10BLK EGG MATTE CLR FLNG CUT,,295.50,
ALY96709U45 - WL;20 ESCAPE;19x7;10 SPLIT SPK MACH BLACK,,295.50,
ALY59367U78 - WL;01-06 M3;18x8;10SP;FRONTMEDIUM SMOKED HYPER SILVER,,295.00,
ALY05074U80 - WL;06-09 IMPALA;18x7;5SPKPOLISHED;06-07 MONTE CARLO,,292.80,
"ALY05132U80 - 2001 GMC Sierra 1500 17""x7.5"" (5132)",,292.80,
ALY05441U80 - WL;10-15 CAMARO;19X8;5SPKPOLISHED,,292.80,
ALY09159U45 - WL;16-19 CHRKEE;18X7;5SPKALL PTD GLOSS BLK NO CLR,,292.29,
ALY58976U20 - WL;16-18 S6;19X8.5;5DBL SPKALL PTD BRIGHT SILVER METALLIC,,292.29,
ALY59021U35 - WL;17-19 A3;18 INCH;5 DBL SPKMACHD AND MED CHARC,,292.29,
"ALY59559U20 - 2008 BMW 528i 18""x8"" (59559)",,292.29,
ALY70007U20 - WL;15-18 JETTA;17X7;5DBLALL PAINTED BRIGHT SILVER,,292.29,
ALY70904U35 - WL;17-18 ELANTRA;18X7.5;20SPKMACHD AND MED CHARCOAL,,292.29,
ALY71864U30 - WL;19-20 MDX;20x8.5;10 SPKALL PTD DARK CHARCOAL MET,,292.29,
ALY74341U30 - WL;16-20 LX570;21X8.5;10SPKMACHINED AND CHARCOAL,,292.29,
ALY74347U30 - WL;16-20 GS350;19X8;10SPKMACHD AND CHARC;FRONT,,292.29,
"ALY85297U35 - 2013-2016 Mercedes Benz GL350 20""x8.5"" (85297)",,292.29,
ALY96931U30 - ALY96931U30,,292.29,
ALY09137U90 - WL;14-16 GRND CHER;20X8;5 SPKPOLISHED AND MED CHARC MET,,291.70,
ALY59870U20 - WL;10-19 XJ;19X10;10-SPKALL PAINTED SILVER REAR,,290.02,
"September 13, 2021 2:48:24 PM EDT",Page 8 of ,,21
Factory Wheel Warehouse,,,
Gross Sales By Product,,,
Date Range: 04/01/2021 - 06/30/2021,,,
 ,,,
Product,,Sales,
ALY04095U85N - SILVER - CHROME 2010 | BUICK | ALLURE | 18x8 | 5-119mm (4in) | 7 SPOKE,,290.00,
ALY74214U79 - WL;06-08 IS250/350;18x8.5;10SPDARK SMOKED HYPERSILVER,,289.81,
"ALY96605U79 - 2020 Ford Explorer Aluminium 20""",,289.81,
ALY59925U20 - WL;16-19 JAG XF;19X8;7DBL,,288.82,
ALY70937U30 - WL;18-20 KONA;18x7.5;10 SLOTMACHINED AND DARK CHARCOAL,,288.82,
ALY96751U20 - ALY96751U20,,288.82,
ALY03408U80 - WL;00-04 FORD PU SD;16X7;5HOLE00-05 EXCSION/FLAT HUB ON BACK,,287.99,
ALY70892U78 - WL;16-17 VELOSTR;18X7.5;5SPMED SMOK HYPSL NO PLASTIC INS,,287.57,
ALY69943U45 - WL;11-13 GTI;18X7.5;10SPKMACHINED AND BLACK,,287.41,
ALY85144U20 - WL;10-12 GLK;20X8.5;10SPKALL PAINTED SILVER,,287.41,
ALY64116U45 - WL;17-19 CIVIC;20x8.5;5DBLALL PTD BLK;RED STRIPE ON LIP,,287.00,
ALY64963U77 - Mazda CX9 20x7.5 et45 Hyper Silver Wheel,,286.37,
ALY74225U78 - WL;10-12 ES350;17X7;10SPKMEDIUM SMOKED HYPERSILVER FF,,286.37,
ALY05615U77N - BRIGHT HYPERSILVER FF;NEW REPWL;14-19 IMPALA;20X8.5;15SPK,,285.57,
ALY05724U45 - WL;16-19 VOLT;17X7;5 SPLT MACHINED/BLACK,,285.20,
ALY64128U45 - WL;18-19 ACCORD;19x8.5;20 SPKALL PAINTED BLACK,,285.20,
ALY86047U10 - WL;14-18 X5;19X9;15SPKMACHD AND BRT SILVER,,284.00,
ALY97095U30 - 2012 TESLA MODEL S 21X9,,284.00,
ALY05764U45 - WL;16-18 CAMARO;20X9.5;5SPALL BLACK ;REAR;NON GROOVE,,281.24,
ALY05878U20 - WL RR;19-20 CAMRO;20x9.5;5 SPL,,281.24,
"ALY02380A90N - Wheel Rim Dodge,Jeep for Caliber,Compass MK,Patriot 2011-2017",,280.26,
ALY05872U30*CORE - WL FT;19-20 CAMARO;20x8.5;5DBL MACHINED/GREY,,280.00,
ALY09119U90 - WL;13-18 WRANGLER;18X7.5;5SPKPOLISHED WITH SPARK SILV FACE,,279.99,
ALY73729U78 - WL;11-14 QX56/80;22X8;9-SPKHYPERSILVER,,278.42,
ALY05906U45 - 2019-20 SIERA/SILVERADO 22X9,,277.35,
ALY59495U20 - WL;04-10 645I;19X9;7SPK;RRALL PAINTED SILVER,,275.13,
ALY05574U10 - WL;13-16 ACADIA;20X7.5;12SPKMACHD AND SILVER,,275.00,
ALY09164U90 - WL;17-19 GRND CHER;18X8;10SPKPOL  AND DARK CHAR MET,,275.00,
ALY10111U10 - WL;17-19 ESCAPE;19X8;5SPKMACHD AND LT SILV METALLIC,,275.00,
ALY10120U30 - WL;17-19 FUSION;18X8;5DBLALL PTD DARK CAHRCOAL,,275.00,
ALY64246U35 - 2017-2021 MAZDA CX5,,275.00,
ALY71844U35 - WL;17-19 MDX;18X8;5SPKMACHINED AND DARK CHAR MET,,275.00,
ALY85552U20 - WL;17-19 GLS CLS;19X8.5;5SPKALL PTD SPARKLE SILVER,,275.00,
mstickers - mstickers,,275.00,
ALY86102U20 - WL;15-18 X3/X4;19X8.5;5SPKALL PTD SPARK SILV;FRONT,,272.02,
ALY09190A45 - WL;17-18 COMPASS;18x7;5SPKALL PAINTED BLACK,,270.00,
ALY58941U20 - WL;05-9 A/S 4;18X8;7DBLSPSILVER METALLIC FULL FACE,,270.00,
ALY70332U35 - WL;08-11 VOL XC90;19X8;5 SPK,,270.00,
ALY86326U30 - WL;17-18 BMW 5 SER;18X8;20SMACHD AND DARK CHAR METALLIC,,270.00,
ALY96229U46 - 2018 BMW M240I_COUPE 18X7.5 5 DOUBLE SPOKE,,270.00,
ALY64081U45N - BLACK MACHINED; NEW REPLICAWL;15-17ACRD;18x8;10S,,269.51,
ALY74732U35 - WL;17-19 OPTIMA;18X7.5;10SPK,,267.49,
"September 13, 2021 2:48:24 PM EDT",Page 9 of ,,21
Factory Wheel Warehouse,,,
Gross Sales By Product,,,
Date Range: 04/01/2021 - 06/30/2021,,,
 ,,,
Product,,Sales,
ALY58760U20 - WL;03-06 AUDI A4;17x7.5;6 SPKSILVER,,260.68,
ALY63161U30 - ALY63161U30,,260.00,
ALY75152U45 - WL;14-16 COROLLA;17X7;14SPKMACHINED AND BLACK,,260.00,
ALY03768U80 - WL;09-12 FLEX;19X8;9 GRVD SPKSALL POLISHED,,258.27,
ALY05647U10 - WL;14-18 SILVERADO;18X8.5;5SPMACHINED AND SILVER,,258.00,
ALY70406U20 - WL;16-19 XC90;19X8;10SPALL PAINTED BRIGHT SILV MET,,258.00,
80 grit - Sand Paper,,254.38,
STL03828U20 - WL;10-19F250/350;17X7.5;5SP,,253.81,
ALY02233U80 - WL;05-12 DGE PU 2500;17X8;5SPK8 LUG;POLISHED,,250.00,
ALY05764U77 - WL;16-18 CAMARO;20X9.5;5SPLT HYPERSILV;REAR;NON GRV,,250.00,
ALY10105U20 - WL;17-18 CMAX;17X7;15SPKALL PTD SILVER,,250.00,
ALY62721U45 - WL;16-19 MAXIMA;18X8.5;5DBLMACHINED AND BLACK,,250.00,
ALY64108U45N - MACHINE AND BLACKWL;REPLICA;17-20 CIVIC;18X8;5D,,250.00,
ALY70895U30N - MACHD AND DARK CHARC METALLICWL;15-18 TUCSON;19X7.5;10SLT,,250.00,
ALY85277U10 - WL;12-16 MB ML;19X8.5;5 SPKLIGHT SILVER METALLIC MACHINED,,250.00,
ALY86044U30 - WL;14-18 X5;19X9;10SPKMACHD AND DARK CHARC METALLIC,,250.00,
ALY86134U30 - BMW 2-Series 18x8 et52,,250.00,
ALY96931U30*CORE - TESLA 2020 MODEL Y 21X10.5 48MM 118822700B charcoal*CORE 96931,,250.00,
"ALY69941U45 - 2012-2014 Volkswagen Jetta 18""x7.5"" (69941)",,245.00,
"ALY04835U77 - 2017-2020 Cadillac XT5 Aluminium 20""",,241.88,
ALY70371U10 - WL;11-15 XC60SER;18X7.5;6SPMACHINED AND CHARCOAL,,240.34,
ALY04673U78 - WL;11-14 CTS;18X9;14 SPK,,240.21,
ALY71763U79 - WL;07-08 TL;17X8;10 SPOKEDARK HYPERSILVER,,240.00,
ALY02404U77 - WL;11-14 AVENGER;18X7;5DBLSPKBRIGHT HYPERSILVER FF,,239.01,
ALY05646U10N - MACHINED AND SILV;NEW REPLICAWL;14-19 SILVERADO;18X8.5;5DBL,,238.57,
ALY59020U20 - WL;17-18 A3;17X7.5;5SPKALL PAINTED BRIGHT SILVER,,237.99,
ALY05795U20 - WL;17-20 ACADIA;17X7.5;6SPKALL PTD SPARK SILVER,,237.49,
ALY75198U30 - WL;16-18 RAV4;17X7;10VNMACHD AND CHARCOAL,,237.49,
DAS.75 - EURO PASTE 7.7 LBS. REMA,,237.00,
ALY02542U77 - WL;15-19 CHARGR;17X7;5DBLALL PTD BRT HYPERSILVER,,235.17,
ALY58919U20 - WL;13-16 Q5;19X8;5DBL SPKALL PANTD BRIGHT SILV MET,,235.00,
DAS.221-675-2 - PLASTIC HUNTER DUCKBILL RED,,234.50,
STL63894U20 - WL;06-14 RIDGELINE;17X7.5;5SPK,,234.41,
STL69409U20 - STL69409U20,,234.22,
ALY05614U10N - MACHD AND BRIGHT SPARK SILVERWL;REP;14-19 IMPALA;19X8.5;10S,,233.47,
STL01004U45 - 15X6;4.75BC;STD;77-86 GM,,233.18,
STL08096U20 - WL;05-13 SLVRDO;17X7.5;8HOLES,,233.02,
ALY70844U78 - WL;13-14 VELOSTER;18X7.5;5SPKMED SMKD HYPER;INSERT NT INC,,232.38,
STL05002U45 - STL05002U45,,231.98,
ALY67417U45 - WL;11-13PANAMER;20X9.5;15SPBLACK FRONT,,230.77,
ALY03810U80 - WL;10-12 MUSTG;18X8;10SPKPOLISHED,,230.22,
ALY03816U20 - WL;9-12 FLX/TAUR;17X7.5;8SPALL PAINTED SILVER,,230.00,
"September 13, 2021 2:48:24 PM EDT",Page 10 of ,,21
Factory Wheel Warehouse,,,
Gross Sales By Product,,,
Date Range: 04/01/2021 - 06/30/2021,,,
 ,,,
Product,,Sales,
ALY63149U45N - None None,,230.00,
ALY97879U20N - ALY97879U20N,,228.47,
ALY64048U35 - WL;13-15 ACCORD;18X8;10VNMACHINED AND GRAY,,225.00,
ALY71603U20 - WL;13 X1;18X8;14 SPKALL PAINTED SPARKLE SILVER,,225.00,
ALY96775U30 - ALY96775U30,,225.00,
ALY62721U30N - MACHD AND DRK CHARC METWL;16-19 MAXIMA;18X8.5;5DBL,,222.96,
ALY69980U45N - MACHINED AND BLK;NEW REPWL;15-19 GTI;18X7.5;5TWS SP,,222.96,
ALY10110U77N - SILVER - HYPER PAINT 2017 - 2018 | FORD | ESCAPE | 18x7.5 | 5-108mm (4in) | 10 SPOKE,,222.48,
ALY62719U45 - WL;16-17 ALTIMA;17x7.5;10 SPKMACHINED AND BLACK,,220.00,
ALY72246U20 - WL;13-17 LAND RVR;21X9.5;10SPKALL PAINTED SPARKLE SILVER,,218.75,
ALY69749U10 - WL;00-04 PASSAT;17X7;10 SPK,,218.49,
STL05659U20 - WL;14-19 SIER/SILV;17X8;7SPK,,217.86,
"ALY64958U78 - 2014-2016 Mazda 6 19""x7.5"" (64958)",,217.77,
ALY73803U30 - WL;18-20 Q60;20x9;10 SPOKEALL PAINTED DARK CHARCOAL,,217.62,
ALY03960U45 - WL;13-16 FUSN;18X8;10 DBL SALL PTD GLOSS BLACK,,217.61,
ALY05333U10 - WL;08-13 IMPALA;18X7;5 DBL SPKMACHINED AND SILVER,,217.61,
ALY70876U20 - WL;15-17 SONATA;17X7;14SPKALL PTD SPARKL SILVR;USES TPMS,,217.61,
ALY85121U20 - WL;10-13 S CLS;18X8.5;5SPBRIGHT SPARKLE SILVER FF,,217.61,
"ALY96430U35 - 2019-2021 Lexus ES350 Aluminium 17""",,217.61,
ALY65732U15 - WL;94-96 3000GT;16x8;7-SPOSILVER,,216.57,
aly68801u30 - WL;12-13 IMP WRX;18X8.5;10SPK,,216.23,
ALY69583A10 - WL;10-19 SIENNA;18x7;10SPSILVER METALLIC MACHINED,,216.23,
ALY72190U20 - WL;05-9 LNDRVRLR3;18X8;10SPKALL PAINTED SILVER,,216.23,
ALY74338U30 - WL;16-19 RX350/450H;20X8;5DBMACHINED AND DARK CHARC,,216.23,
ALY86227U20 - WL;16-19 MINI;17X7.5;10SPKALL PAINTED SILVER,,216.23,
ALY96147U35 - ALY96147U35,,216.23,
ALY96276U20 - WL;18 MODEL 3;18x8.5;5 DBL  SILVER,,216.23,
ALY70934U77 - WL;18-9 SONTA;18x7.5;5 DBL SPKUSES TPMS;PTD GREYISH BRT HYP,,215.11,
ALY02402U20 - WL;11-15 T/CNTY;17X6.5;20SPALL PAINT BRIGHT SILV BLK PRIM,,215.03,
ALY62611U20 - WL;14-15 XTERRA;16X7;6 DBLALL PAINTED SPARKLE SILVER,,215.03,
ALY62781U35 - WL;18-19 LEAF;17x6.5;5 SPOKEMACHINED AND MEDIUM CHARCOAL,,215.03,
ALY63149U45 - WL;19-20 PILOT;20x8;5 TRPL SPKMACHINED AND BLACK,,215.03,
ALY64069U20 - WL;15-16 CRV;17X7;5SPLT SPALL PTD BRT SILVER METALLIC,,215.03,
"ALY65332U20 - 2004-2005 Mercedes Benz E500 17""x8"" (65332)",,215.03,
ALY71440U20 - WL;11-13 X5;19X9;10 SPKALL PAINTED SILVER FRONT,,215.03,
ALY75189U30 - WL;16-19 TACOMA;16X7;12VNTMACHD AND CHARCOAL,,215.03,
ALY65523U20 - WL;08-9 CCLASS;17X8.5;7DBL SPKREAR;ALL PAINTED SILVER,,215.00,
ALY71428U10*CORE - ALY71428U10*CORE,,215.00,
ALY02479U45 - WL;13-16 DART;18X7.5;5 SPKALL PTD GLOSS BLACK,,213.94,
ALY59084U30 - WL;17-19 TTS;20x9;10 SPOKEMACHINED AND DARK CHARC,,213.70,
ALY74759U30 - WL;17-19 OPTIMA;17x7;5 SPKMACHINED/DARK CHARCOAL,,211.58,
ALY85180U20 - WL;8-16 SMRT;15X5.5;9-SPSILVER METALLIC FULL FACE REAR,,211.51,
ALY74617U20N - ALL PAINTED SPARKLE SILVERWL;10-12 SOUL;16X6.5;5SPLT,,210.91,
"September 13, 2021 2:48:24 PM EDT",Page 11 of ,,21
Factory Wheel Warehouse,,,
Gross Sales By Product,,,
Date Range: 04/01/2021 - 06/30/2021,,,
 ,,,
Product,,Sales,
ALY02247U10 - WL;05-08 MAGNUM;18X7.5;5SPK06-9 CHARGR;MACH W/SILVER VENT,,209.07,
ALY03400U10 - WL;00-03 F150 PU;16X7;5 SPOKE04 FORD PICKUP HERITAGE,,209.07,
ALY03136U10 - WL;94-6 FD PU/BRN;15X7.5;10HOL3/4 IN THK HOLES;W/O RVT;CAST,,209.00,
ALY71733U20N - ALL PAINTED SILVER;WO/TPMSWL;04-06 TL;17X8;5 SPOKE,,206.56,
ALY69444U10 - WL;04-10 SIENNA;16X6.5;6 SPOKEMACHINED AND SILVER,,202.49,
ALY70887U35 - WL;16-17 SONATA;17X7;10SPK,,202.27,
ALY96836U80 - ALY96836U80,,201.20,
ALY02308U10 - WL;08-14 AVENGR;17X6.5;5DBLSPMACHINED AND SILVER,,200.00,
ALY02529U20 - ALY02529U20,,200.00,
ALY05579U20*CORE - ALY05579U20*CORE,,200.00,
ALY62559U20 - WL;11-15 JUKE;17X7;5DBLSPKALL PAINTED SILVER,,200.00,
ALY65822U10 - WL;06-12 GALANT;16X6.5;10SPKMACHINED WITH SILVER VENTS,,200.00,
ALY68839U45 - WL;17-18 FORSTER;17X7;6SPKMACHINE AND BLACK,,200.00,
ALY71476U20 - WL;10-18 X3;18X8;5 V SPKALL PAINTED SILVER,,200.00,
"ALY71616U20 - 2012-2017 BMW 320i 18""x8"" (71616)",,200.00,
ALY71802U20 - WL;12-14 ACURA TL;18X8;5 SPKALL PAINTED SILVER,,200.00,
ALY71836U20 - WL;16-18 RDX;18X7.5;10SPKALL PT BRT SLV W BLK UNDRTONES,,200.00,
ALY04563U20 - WL;02-06ESCALD/EXT;17X7.5;7SPKREPLACES ALY04575U20,,197.62,
STL03023A45 - STL03023A45,,196.14,
STL69324U45 - STL69324U45,,196.14,
ALY05079U80N - SILVER - POLISHED 2002 - 2006 | CHEVROLET | AVALANCHE 2500 | 16x6.5 | 8-165mm (6in) | 10 Hole,,195.80,
STL02125U20 - STL02125U20,,195.46,
STL75218U45 - STL75218U45,,195.46,
ALY05291U10N - SILVER - MACHINED 2007 - 2011 | CHEVROLET | AVALANCHE 1500 SERIES | 20X8.5 | 5-139mm (5in) | 5 SPOKE,,195.30,
ALY03459U30 - WL;01-07 ESCAPE;16X7;5SPKMACHINED WITH CHARCOAL VENTS,,195.00,
ALY05300U10 - WL;07-13 AVA/SIL/TAH;18X8;5SPKSPARKLE SILVER MACHINED,,195.00,
ALY05829U20 - WL;18-19 EQUINOX;17x7;5SPLALL PAINTED SPARKLE SILVER,,195.00,
STL09077U20 - WL;07-17 PATRIOT;16X6.5;5SPK,,193.74,
ALY75202U20 - WL;16-19 PRIUS;15X6.5;5DBLALL PTD BRT SILVER,,192.50,
ALY03694U35*CORE - WL;08-09 TAURUS/X;17X7;8SPKMACHINED AND W/CHARCOAL VENTS,,192.00,
ALY74229U20 - WL;10-18 GX460;18X7.5;6SPKSILVER METALLIC FF,,191.49,
ALY02671U90*CORE - ALY02671U90*CORE,,190.00,
ALY64083U45 - Honda Accord Sport 19x8 Machined Black Wheel,,190.00,
"ALY64946U20 - 2012-2014 Mazda 3 16""x6.5"" (64946)",,190.00,
ALY05293U10 - WL;07-10 SILV/SERA;17X7.5;6 SPMACHINED W/SILVER POCKETS,,189.99,
"ALY03694U10*CORE - 2007-2011 Mercury Mariner 16""x7"" (3682)",,189.12,
ALY70936U20 - WL;18 KONA;17x7;20 SPOKEALL PAINTED MED SILVER SPARKLE,,187.49,
400 grit - sand paper,,186.60,
ALY65440U20 - WL;07 C CLASS;16X7;7 SPOKE05 C240/ALL PAINTED SILVER,,185.00,
ALY02164A10 - WL;02-5 DODGE 1500;17X8;5 SPKHAS LEDGE IN VNT/SINGL STP HUB,,183.41,
ALY02234U10 - WL;05 DURANGO;17X8;5SPKLEDGE IN VNT/MACH FLNGE HUB,,183.41,
"September 13, 2021 2:48:24 PM EDT",Page 12 of ,,21
Factory Wheel Warehouse,,,
Gross Sales By Product,,,
Date Range: 04/01/2021 - 06/30/2021,,,
 ,,,
Product,,Sales,
ALY02308U20 - WL;08-14 AVENGR;17X6.5;5DBLSPALL PAINTED SILVER,,183.41,
ALY04066U20 - WL;05-08 ALUR/LCRS;17X6.5;8 SPALL PAINTED SILVER,,183.41,
ALY69538U30 - WL;05-12 SCION TC/XD;18X7;7SPALL PAINTED CHARCOAL,,183.41,
"ALY96535U30 - 2020 Subaru Legacy Aluminium 18""",,183.41,
ALY06585U20 - WL;05-09 G6;17X7;5SPKALL PAINTED SILVER,,182.49,
ALY69897U20 - WL;10-16 JETA;16X6.5;10SPSILVER METALLIC FF,,182.49,
ALY74642U45 - WL;11-13SPORTAGE;18X7;10SPMACHINED AND BLACK,,182.49,
ALY03247U10 - WL;98-02 ESCRT/TRCR;15X5.5;6SP98-01 ESCORT ZX2,,182.44,
ALY63892U10 - WL;05 ACCORD HYBRD;16X6.5;5SPKMACHINED WITH SILVER VENTS,,182.44,
ALY65778U40 - WL;02-05 LANCER;15x6;5 SPOKEMED SILV SPARKLE FF/ W/STICKER,,182.44,
ALY69408U10 - WL;01-04 SEQUOIA;16X7;6SPKMACHINED AND MEDIUM SILVER,,182.44,
ALY69972U20 - WL;9-14 GOLF;16X6.5;5DBL SPKALL PTD SILVER METALLIC,,182.44,
ALY71394U20 - WL;8-13 3SER;16X7;5-V SPKALL PAINTED SILVER,,182.44,
ALY02400A20 - WL;08-12TWN CNTRY;16X6.5;7SPCD TRMAG;60.32 CP;ALL SPRK SIL,,181.24,
ALY05077U10 - WL;99-02 SIERRA;16X7;6FLTSP00-02 YUKON;03-04 SAFARI,,181.24,
ALY05843U15 - WL;18-19 TRAVERSE;18x7.5;10SPKMACHD AND MED SILVER METALLIC,,181.24,
ALY06547U10 - WL;01-05 GRAND AM;15X6SPARKLE SILVER,,181.24,
ALY07031U20 - WL;03-05 SATRN L;16x6.5;5 SPKSILVER,,181.24,
ALY09136U20 - WL;14-16 GRND CHER;18X8;10 SPKALL PAINTED BRIGHT SILVER,,181.24,
ALY59580U20 - WL;06-13 3SERIES;16x7;5SPKALL PAINTED SILVER,,181.24,
ALY68806U30 - WL;13-15 SUB CRSTREK;17X7;10VNMACHD AND DARK CHARC MET,,181.24,
ALY69384U10 - WL;00-1;CAMRY;16X6;10 SPOK;SILALL PAINTED SILVER,,181.24,
ALY69432U10 - WL;03-05 AVALON;16x6;5 SPKMACHINED W/SILVER VENTS,,181.24,
ALY69798U20 - WL;04-10 TOUAREG;17X7.5;5SPK,,181.24,
ALY69828U10 - WL;06-11 EOS/PAST;17X7.5;10 SPMACHINED WITH SILVE,,181.24,
ALY70879U30 - WL;15-17 SONATA;18X8;10SPKMACHD DARK CHARCOAL;USES TPMS,,181.24,
ALY73763U10 - WL;14-19 INF Q50;17X7.5;10 SPKMACHD AND MED SILV METALLIC,,181.24,
ALY74170U20 - WL;04-06 RX330;17X6.5;6 SPKALSO 06-08 RX400H,,181.24,
ALY74224U20 - WL;10-16ES350;17X7;5 TWINSPALL PAINTED SILVER,,181.24,
ALY97755U20 - ALY97755U20,,181.24,
ALY70838B20 - WL;13-15 ELANTRA;17x7;5DBLTPMS NOTCHES IN WNDWS; SIL MET,,181.00,
ALY65288U20 - WL;03-05 CLK;17X7.5;5 SP;FRONT05-06 C ;SPARK SILV/NO WW LIP,,180.00,
ALY75240U20 - WL;19 RAV4;17x7; 5 SPOKEALL PTD BRIGHT SILV MET,,180.00,
ALY97755U30 - ALY97755U30,,180.00,
ALY71733U20 - WL;04-06 TL;17X8;5 SPOKEALL PAINTED SILVER;WO/TPMS,,179.02,
ALY65236U85OE - CHROME TAKEOFF,,177.10,
ALY02401U77N - LIGHT HYPERSILVER FFWL;REPLICA;12-16TNCTY;17X6.5;9,,175.89,
ALY05294U10 - WL;07-8 AVA/SIL/TAH;17X7.5;5SPMACHINED W/SILVER POCKETS,,175.00,
ALY58852U20 - WL;07-11 A6;18X8;10-SPKALL PAINTED SILVER,,175.00,
ALY62742U35 - WL;17-19 PTHFNDR;18X7.5;15SPKMACHD AND MED CHARC,,175.00,
ALY64948U20 - WL;12-14MZ5;16X6.5;10SPKSPARKLE SILVER FULL FACE,,175.00,
ALY74178U20*CORE - ALY74178U20*CORE,,175.00,
ALY65295U20 - WL;03-07 MB-E;16x8;5 DBL SPKMACHINED AND SILVER,,174.37,
ALY59183U10 - WL;92-99 BMW 3;15X7;18-SPOKEBRIGHT SPARKLE SILVER,,172.49,
"September 13, 2021 2:48:24 PM EDT",Page 13 of ,,21
Factory Wheel Warehouse,,,
Gross Sales By Product,,,
Date Range: 04/01/2021 - 06/30/2021,,,
 ,,,
Product,,Sales,
ALY71534U20 - WL;12-19 3 SER;17X7.5;5DBL S,,172.49,
ALY65295U20N - MACHINED AND SILVERWL;03-07 MB-E;16x8;5 DBL SPK,,172.14,
ALY05209U20 - WL;05-07 CORVETTE;19X10;5SPKALL PAINTED SILVER,,172.05,
ALY01320U20 - WL;83-94 S-10;15X7;5-SLOT;SIL83-93 JIMMY S15/83-93 SONOMA,,172.03,
ALY63934U20 - WL;08-11 ACCORD;17X7.5;7 SPOKEALL PAINTED SILVER,,172.03,
ALY65772U10 - WL;00-02 ECLIPSE;17X6.5;6 SPOSILVER TEXTURED FULL FACE,,172.03,
ALY58749U20N - ALL PAINTED SILV;NEW REPLICAWL;02-11 A4;17x7.5;5 SPOKE,,170.30,
ALY03367U30 - WL;00-11 FOCUS;15X6 16-SPOKE2 IN CAP;NO GRV FLNGE;MACH CHR,,170.00,
ALY03607U10 - WL;05-07 MARINER;16X7;15SPKMACHINED WITH SILVER VENTS,,170.00,
ALY02067U10 - WL;96-01 DODGE PU;16X7;5-SPOKESILVER,,169.99,
ALY03589U30 - WL;05-09MUSTANG;17X8;5FUN SPKMACHINED WITH CHARCOAL SPOKES,,169.99,
ALY03635U10 - WL;06-11 TOWNCAR;17x7;10SPKMACHINED WITH SILVER,,169.99,
"ALY05558U20 - 2013-2016 Chevrolet Malibu 16""x7.5"" (5558)",,169.99,
ALY05559U20 - WL;13-16 MALIBU;17X8;10 SPKALL PAINTED SILVER,,169.99,
ALY59582U20 - WL;06-13 3SERIES;17x8;10SPKALL PAINTED SILVER,,169.99,
ALY69461U20 - WL;05-15 TACOMA;16X7;5SPKALL PAINTED SILVER,,169.99,
ALY68806U30N - MACHD/DARK CHARC MET;NW REPWL;13-15 SUB CRSTREK;17X7;10VN,,169.74,
ALY63868U35 - WL;04-05 CIVIC;15X6;5 SPOKEMACHINED AND MEDIUM GRAY,,169.72,
ALY74188U20 - WL;06-08 IS250/350;17x8;10SPKALL PAINTED SILVER,,169.72,
ALY70902U30N - CHARCOAL - MACHINED & PAINTED 2017 - 2018 | HYUNDAI | ELANTRA | 16x6.5 | 5-114mm (4in) | 10 SPOKE,,169.01,
ALY71402U20 - WL;11-18 5 SERIES;17X8;5SPKSILVER METALLIC FULL FACE,,168.55,
ALY74214U20 - WL;06-08 IS250/350;18x8.5;10SPREAR/ALL PAINTED SILVER,,168.55,
ALY02399U20N - SILVER - PAINTED 2011-2018 | DODGE | GRAND CARAVAN | 17x6.5 | 5-127mm (5in) | 5 SPOKE,,165.50,
ALY02451U45N - ALL PAINTED GLOSS BLK;NW REPLICAWL;13-18 DGE 1500;20X8;5SPK,,165.50,
ALY69508U20N - ALL PAINTED SILVERWL;06-09 RAV4;17X7;6 SPK,,165.50,
ALY62597U35 - WL;13-16 PTHFD;18X7.5;10SPMACHINED AND MEDIUM CHARCOAL,,165.00,
ALY96733U20 - WL;20 VENUE;15x6;10 SPOKE,,165.00,
ALY64037U15N - MACHD/MED SILVER/NW REPWL;12-19 PILOT;18X7.5;5-SPK,,163.83,
ALY03965U20 - WL;16 FIESTA;15X6;10 VNTALL PAINTED SILVER,,163.12,
ALY05913U30*CORE - WL;19-20 SLV/SIER 1500;20x9 MACH CHARC,,160.00,
STL69370U20 - Toyota for RAV4 1998-2002 Steel  16 in,,159.90,
DAS.73 - Brush For Euro Paste,,159.84,
ALY65524U20N - ALL PAINTED SILVER;NEW REPLICAWL;08-13 CCLASS;17X7.5;5 V SP,,158.09,
ALY70029U20*CORE - WL;18-19 ATLAS;20x8;15SPK,,157.60,
320 grit - sand paper,,155.50,
DAS.6-228Z - TPMS VALVE STEM FOR MERCEDES  box of 10 (9066),,153.30,
ALY68193U10 - WL;99-01;SAAB9-5;16X6.5;10SPKALL PAINTED SILVER,,152.49,
ALY69934U20 - WL;9-18 TIGUAN;16X6.5;5DBL SPKALL PAINTED SILVER,,152.49,
ALY02537U79*CORE - WL;15-19 300;19X7.5;7YSPALL PTD DRK SMKD HYPSILVER,,150.00,
"ALY05473U10*CORE - 2011-2016 Chevrolet Cruze 16""x6.5"" (5473)",,150.00,
"September 13, 2021 2:48:24 PM EDT",Page 14 of ,,21
Factory Wheel Warehouse,,,
Gross Sales By Product,,,
Date Range: 04/01/2021 - 06/30/2021,,,
 ,,,
Product,,Sales,
ALY64048U25 - WL;13-15 ACCORD;18X8;10VNMACH AND MED CHAR MET TEXT,,150.00,
ALY05434U10 - WL;10-12 EQNOX;18X7;10SPKMACHINED AND SILVER,,149.99,
ALY63938U10 - WL;08-13 ACCORD;17X7.5;5 V SPMACHINED CHARCOAL TEXTURED,,149.99,
ALY69463U10 - WL;05-15 TACOMA;17X7.5;5SPK1/8DROP FRM FACE TO RETEN LEDG,,149.99,
ALY69626U20 - WL;13-15 RAV4;17X7;5 SPKALL PTD BRT SILV MET;MAG LUG,,149.99,
ALY74709U35 - WL;14-15 OPTIMA;17X6.5;5VNTMACHD AND LT CHARC;TAKE TPMS,,149.99,
ALY75181U20N - WL;16-19YARIS/IA;16X5.5;10SPALL PAINTED SILVER replica,,142.48,
ALY03407U80 - WL;99-00 FORD PU SD;16X7;6HOLEALL POLISHED;03-05 PU/ EXCR,,141.82,
STL03039U40 - STL03039U40,,140.66,
ALY69986U20*CORE - ALY69986U20*CORE,,140.00,
STL63780U45N - WL;99-03 ODYSSEY;16X6.5,,136.95,
STL62499U45N - WL;08-18 ROGUE;16X6.5;RND VENT,,136.53,
ALY59286U10 - WL;99-00 3 SERIES;15X6.5;10SPK01-05 CANADIAN MARKET,,136.24,
STL03942U45 - WL;13-19 ESCAPE;17X7.5;10 VNT,,135.33,
STL69723U45N - WL;98-11 BETLE/GOLF;16X6.5,,135.33,
ALY68801U30*CORE - WL;12-13 IMP WRX;18X8.5;10SPK,,130.00,
STL63844U20 - WL;02-04 CR-V;15X6,,127.48,
"ALY59612U20*CORE - 2006-2012 BMW 323i 17""x8"" (59612)",,126.08,
STL72688U45 - STL72688U45,,125.48,
"ALY02433U91*CORE - 2011-2014 Chrysler 200 18""x7"" (2433)",,125.00,
"ALY10010u20*CORE - Ford Focus 16"" 15-16 Silver",,125.00,
DAS.5411B - VALVE CORE REMOVER,,123.00,
ALY05543U20*CORE - WL;12-19 CORV;20X12-13;5DBLSPALL PAINTED SILVER REAR,,120.00,
ALY05581U20*CORE - WL RR;12-15 CAMARO;20X9;5SPALL PTD MEDIUM SILVER,,120.00,
ALY09118U90*CORE - ALY09118U90*CORE,,120.00,
ALY64966U79*CORE - MAZDA MX5 DARK HYPER 2016-20,,120.00,
ALY73760U78 - ALY73760U78,,120.00,
STL02162U20 - STL02162U20,,117.30,
STL02472U20 - STL02472U20,,117.30,
STL10049U20 - STL10049U20,,117.30,
STL69457U20 - STL69457U20,,117.30,
"STL85404U20 - 2014-2019 Mercedes Sprinter Steel 16""",,117.30,
STL09098U45 - STL09098U45,,117.11,
ALY62624U45 - ALY62624U45,,115.91,
STL02534U20 - STL02534U20,,115.91,
STL05195U20 - WL;99-19 GMC;CHEV 2500-3500,,115.91,
STL01332U45 - WL;83-96 GM;14X5.5;BLACK,,115.41,
ALY85412U20 - ALY85412U20,,115.24,
STL03259U20 - STL03259U20,,115.24,
stl62449u20 - WL;05-19 FRONTIER;16X7;SPARE,,115.24,
STL62491U20 - STL62491U20,,115.24,
ALY70877U35 - WL;15-17 SONATA;17X7;10SPKMACHD AND MED GREY;TAKE TPMS,,115.00,
STL03035U20 - WL;92-97 FRD PU/98-07 VAN;16X7,,114.04,
ALY02410U91*CORE - WL;14 CHARGER;19x7.5;5 DBLE SPPOLISHED AND BLACK,,111.52,
STL03404U20N - WL;00-11 RANGER PU;15X7;7 SPK,,110.00,
"September 13, 2021 2:48:24 PM EDT",Page 15 of ,,21
Factory Wheel Warehouse,,,
Gross Sales By Product,,,
Date Range: 04/01/2021 - 06/30/2021,,,
 ,,,
Product,,Sales,
50 grit - sand paper,,108.15,
ALY05673U35 - WL;15-18 COLORADO;18X8.5;5SPKSLOW MACHD AND MED CHARC MET,,107.87,
ALY70686U10 - WL;00-05TBRN/01-6ELAN;15X6;5SPSPARKLE SILVER,,107.26,
DAS.6-110 - BERU VALVE STEM REBUILD KIT box of 10 (1090K),,105.60,
STL03394U45 - WL;00-02EXPDTN/FRD PU;16X7,,105.07,
STL09029U20 - WL;88-00 JEEP;15X7;6 SPOKE,,105.07,
STL99022U20 - STL99022U20,,105.07,
STL02142U45 - STL02142U45,,103.82,
STL03536U45 - WL;04-11 CRNVIC/GRNMAR.;16X7,,103.82,
ALY02674U90*CORE - WL;19 RAM 1500;20x9;5 SPOKE POLISHED AND  MEDIUM CHARCOAL,,100.00,
"ALY03366U10*CORE - 2000-2003 Mercury Sable 16""x6"" (3360)",,100.00,
ALY03367A20*CORE - 2.75CNTR CAP;GRVD FLNG;NEW;ALLWL;00-11 FOCUS;15X6;16 SPK,,100.00,
"ALY05156U20*CORE - 2003-2006 GMC Sierra 1500 16""x7"" (5156)",,100.00,
ALY05579U78*CORE - ALY05579U78*CORE,,100.00,
"ALY05652U80*CORE - WL;17-19 TAHOE/SILV;20X9;5SPK	FULL POLISHED",,100.00,
"ALY62479U20*CORE - 2007-2009 Nissan Altima 16""x7"" (62479)",,100.00,
"ALY62552U20*CORE - 2010-2013 Nissan Altima 17""x7.5"" (62552)",,100.00,
"STL03550U20 - Ford E150 2005 16"" OEM Factory Wheel Rim",,98.07,
STL62557U45 - WL;5-18 PAT/FRNT;16X7;18VBLACK,,98.07,
STL03498U45 - WL;03-11 C-VIC/GMARQ;16X7;7 HL,,98.03,
ALY69894U45 - ALY69894U45,,96.87,
STL08027U45 - WL;96-05 GM;15X6;20 VENTS,,96.87,
STL08038U45 - WL;97-05 MALIBU/G-AM;15X6,,96.87,
STL62599U45 - WL;13-19 SENTRA;16X6.5;20 RND,,96.87,
ALY59144U15 - WL;84-92 BMW 3;14X6;18-HOLSILVER,,96.00,
"ALY05148U30*CORE - 2002-2005 Chevrolet Malibu 15""x6"" (5148)",,94.56,
ALY67177U35*CORE - 2017-9 porsche cayman boxter,,94.56,
ALY85481U30*CORE - WL;16-19 GLC CLS;19X8;5SPK,,94.56,
ALY04714U80*CORE - ALY04714U80*CORE,,90.00,
ALY58919U20*CORE - ALY58919U20*CORE,,90.00,
"ALY62597U35*CORE - 2013-2016 Nissan Pathfinder 18""x7.5"" (62597)",,90.00,
STL70805U45 - STL70805U45,,90.00,
18580 - Seco  NL-34L lock pin for MVJNR tool holder,,82.50,
ALY04762U77*CORE - WL;16-19 CAD CT6;19X8.5;14SPKALLPTD LT SMKD HYPERSILVER,,80.00,
ALY05542U20*CORE - ALY05542U20*CORE,,80.00,
"ALY05903U45*CORE - gmc sierra 5 double 22""",,80.00,
ALY09137U90*CORE - ALY09137U90*CORE,,80.00,
ALY62756U20*CORE - ALY62756U20*CORE,,80.00,
ALY63149U45*CORE - WL;19-20 PILOT;20x8;5 TRPL SPKMACHINED AND BLACK,,80.00,
ALY05694U80*CORE - WL;15-19 CANYON;18X8.5;6 DBL S,,75.00,
ALY06054U20*CORE - 2002 oldsmobile alero (6054),,75.00,
"ALY62408U20*CORE - 2003-2004 Nissan Pathfinder 16""x7"" (62408)",,75.00,
"September 13, 2021 2:48:24 PM EDT",Page 16 of ,,21
Factory Wheel Warehouse,,,
Gross Sales By Product,,,
Date Range: 04/01/2021 - 06/30/2021,,,
 ,,,
Product,,Sales,
"ALY63839U20 *CORE - 2002-2004 Honda Odyssey 16""x6.5"" (63839)",,75.00,
DAS.412D - SNAP-IN SHORT LENGTH TIRE VALVE 100/bag  (TR412),,75.00,
ALY58980U20*CORE - WL;16-18 A7;19X9;7SPLT SPALL PTD BRT SPARK SILV MET,,71.52,
Shipping Fee - Shipping Fee,,71.00,
ALY86217U30*CORE - WL;16-19 X1;18X7.5;5Y SPMACHD/DARK CHARC MET,,64.00,
ALY02242U20*CORE - WL;05-08 300;17X7;7SPKALL PAINTED SILV COVERED LUG,,63.04,
ALY03905U20*CORE - ALY03905U20*CORE,,63.04,
ALY59040U35*CORE - WL;18-19 SQ5;21x8.5;10SPLITMACHINED AND MEDIUM CHARCOAL,,63.04,
"ALY59611U20*CORE - 2006-2012 BMW 323i 17""x8"" (59611)",,63.04,
"ALY62601U20*CORE - 2013-2016 Nissan Sentra 17""x6.5"" (62601)",,63.04,
ALY64110U30*CORE - WL;17-19 CR-V;17X7.5;5SPKMACHINED AND DARK CHARCOAL,,63.04,
ALY68801U78*CORE - WL;12-13 IMP WRX;18X8.5;10SPKMEDIUM HYPERSILVER,,63.04,
"ALY68829U30*CORE - 2015-2016 Subaru Impreza WRX 17""x8"" (68829)",,63.04,
ALY68855U45*CORE - WL;18-19 CROSSTREK;17X7;5YMACHINED AND BLACK,,63.04,
ALY70733U20*CORE - WL;06-09 TUCSON;16x6.5;10SPK,,63.04,
"ALY71801U10*CORE - 2012-2014 Acura TL 17""x8"" (71801)",,63.04,
ALY74333U35*CORE - WL;16-18 ES300H;17X7;10SPK,,63.04,
ALY85354U77*CORE - WL;14-18 S CLS;20X9.5;5 SPKLT SMKD HYPSILV FF/REAR,,63.04,
ALY86081U20*CORE - WL;14-19 MINI CPR;17X7;10DBLALL PTD BRIGHT SILVER METALLIC,,63.04,
ALY86150U20*CORE - WL;15-19 BMW 228I;18X7.5;5DBL,,63.04,
"ALY86153U20*CORE - 2014-2016 BMW 228i 17""x7"" (86153)",,63.04,
ALY86395U20*CORE - WL;17-19 CNTRYMAN;18x7.5;14SPKALL PAINTED SPARKLE SILVER,,63.04,
ALY02521U77*CORE - ALY02521U77*CORE,,60.00,
ALY03859U20*CORE - SILVER - PAINTED 2011-2017 | FORD | EXPLORER | 18x8 | 5-114mm (4in) | 10 SPOKE,,60.00,
ALY03995U20*CORE - WL;15-19 F150;17X7.5;6SPK,,60.00,
ALY04702U20*CORE - WL;13-16 CAD ATS;17X8;7SPK ALL PAINTED SILVER,,60.00,
ALY04835U77*CORE - WL;17-20 XT5;20x8;6Y SPK,,60.00,
ALY05716U77*CORE - WL;16-20 MALIBU;18X8.5;10 VN,,60.00,
ALY09205U90*CORE - CORE;19-20 CHEROKEE;18x7;5 SPOKE POL/DRK CHARC MET,,60.00,
"ALY59495U20*CORE - 2004-2006 BMW 645i 19""x9"" (59495)",,60.00,
ALY59766U20*CORE - WL;04-08 X TYPE;17X7;7 SPOKE,,60.00,
"ALY64927U20*CORE - 2010-2011 Mazda 3 16""x6.5"" (64927)",,60.00,
ALY65312U78*CORE - ALY65312U78*CORE,,60.00,
18930 - Seco Differential screw for MVJNR tool holder,,59.45,
DAS.5407 - 5407 VALVE PULLER BAR,,58.25,
"FWC66017U20 - Kia Optima 2006, 2007, 2008, 2009, 2010 16"" HUBCAP",,54.58,
ALY02629U80*CORE - WL;17-19 DODGE 1500;20x9;12SLALL POLISHED,,50.00,
ALY03903U45*CORE - ALY03903U45*CORE,,50.00,
ALY05082U10*CORE - WL;00-7 IMP/MNT;16X6.5;5SLTDONT SELL WHLS MARKED AWI;MACH,,50.00,
"ALY05209U20*CORE - 2005-2007 Chevrolet Corvette 19""x10"" (5209)",,50.00,
ALY05641U20*CORE - ALY05641U20*CORE,,50.00,
"September 13, 2021 2:48:24 PM EDT",Page 17 of ,,21
Factory Wheel Warehouse,,,
Gross Sales By Product,,,
Date Range: 04/01/2021 - 06/30/2021,,,
 ,,,
Product,,Sales,
ALY05698U80*CORE - ALY05698U80*CORE,,50.00,
"ALY09053U20*CORE - 2005-2007 Jeep Grand Cherokee 17""x7.5"" (9053)",,50.00,
ALY09119U90*CORE - WL;13-18 WRANGLER;18X7.5;5SPK POLISHED WITH SPARK SILV FACE,,50.00,
"ALY09136U90*CORE - 2014-2016 Jeep Grand Cherokee 18""x8"" (9136)",,50.00,
ALY09168U45*CORE - ALY09168U45*CORE,,50.00,
ALY10111U10*CORE - ALY10111U10*CORE,,50.00,
"ALY58854U20*CORE - 2008-2010 Audi A8 19""x8.5"" (58854)",,50.00,
ALY59013U30*CORE - WL;17-19 ALLRD;18X7.5;5SPLT SP,,50.00,
ALY59075U35*CORE - ALY59075U35*CORE,,50.00,
"ALY59557U20*CORE - 2006-2007 BMW 525i 17""x7.5"" (59557)",,50.00,
ALY59849U20*CORE - ALY59849U20*CORE,,50.00,
ALY59958U45*CORE - WL;17-19 JAG XE;19X8.5;10SPKALL PNTD BLACK;REAR,,50.00,
"ALY62517U20*CORE - 2009-2010 Nissan Murano 18""x7.5"" (62517)",,50.00,
DAS.181354 - BEAD LIFTING TOOL - RIM CLAMPS,,43.95,
ALY02528U79*CORE - ALY02528U79*CORE,,40.00,
ALY05627U80*CORE - ALY05627U80*CORE,,40.00,
ALY05768U35*CORE - WL;16-17 TERRAIN;19X7;12SPKMACHD AND MED CHARC,,40.00,
ALY05906U45*CORE - GMC SIERRA 19-20 22X9 6 Y SPOKE,,40.00,
ALY58984U20*CORE - WL;12-18 A7/S7;19X8.5;5DBL S,,40.00,
ALY59037U20*CORE - WL;18-19 Q5;19x8;5SPLIT SPOKEALL PAINTED BRIGHT SPARKLE SIL,,40.00,
ALY59038U20*CORE - ALY59038U20*CORE,,40.00,
ALY59070U20*CORE - WL;18-19 A5;18x8.5;5 SPOKE,,40.00,
ALY59421U20*CORE - ALY59421U20*CORE,,40.00,
ALY59619U20*CORE - WL;06-13 BMW 3;18X8.5;5 SPK,,40.00,
"ALY59622U20*CORE - 2006-2012 BMW 323i 19""x8"" (59622)",,40.00,
"ALY62583U35*CORE - 2012-2015 Nissan Maxima 19""x8"" (62583)",,40.00,
MAXS.MT-Tool - PROGRAMMING AND DIAGNOSTIC TOOL,,36.00,
FWC08029U20 - FWC08029U20,,34.41,
FWC61147U20 - HUBCAP/WHEEL COVER Toyota for Corolla Sedan 2009-2013 15 inch,,34.41,
"ALY09115U80*CORE - 2012-2016 Jeep Wrangler 18""x7.5"" (9115)",,32.00,
ALY09201U20*CORE - WL;19 CHEROKEE;17x7;10 SPOKEALL PTD BRIGHT SILVER METALLIC,,32.00,
"ALY02514A45*CORE - 2015 2016 Chrysler 200 18""x8"" (2514)",,31.52,
ALY03789U20*CORE - WL;09-13 F150;20X8.5;13 SPKALL PAINTD CHAMPAGNE SILVER FF,,31.52,
"ALY03818U20*CORE - 2010-2012 Ford Mustang 18""x8"" (3810)",,31.52,
ALY03949U45*CORE - WL;13-15 EXPLORER;20X9;5 SPLITMACHINED AND BLACK,,31.52,
"ALY05064U20*CORE - 1998-1999 Chevrolet S10 Blazer 15""x7"" (5064)",,31.52,
ALY05066U10*CORE - WL;98-99MALIBU;15x6;9SPKMACINED WITH SILVER VENTS,,31.52,
ALY05872U20*CORE - 2019 CAMARO 20X8.5,,31.52,
ALY06535U20*CORE - WL;99-03GRNDPRX;16X6.5;5SP;SIL,,31.52,
"ALY59904U20*CORE - Jaguar F-Type 19"" 2014 2015 2016 Silver",,31.52,
ALY59927U45*CORE - WL;16-19 JAG XF;19X8;7DBLMACHINED AND BLACK,,31.52,
"September 13, 2021 2:48:24 PM EDT",Page 18 of ,,21
Factory Wheel Warehouse,,,
Gross Sales By Product,,,
Date Range: 04/01/2021 - 06/30/2021,,,
 ,,,
Product,,Sales,
ALY59953U30*CORE - WL;17-19 JAG XE;18X7.5;5 DBLMACHINED AND CHARC;FRONT,,31.52,
ALY62354U10 *CORE - WL;98-1 ALTIMA;15X6;6SP;MACHNDSILVER,,31.52,
"ALY62354U30*CORE - Nissan Altima 15"" 98-2000 CNC Charcoal",,31.52,
ALY62784U45*CORE - CORE;19 ALTIMA;17x7.5;10 SPOKE,,31.52,
ALY63777U10*CORE - WL;98-00 ACCORD;16X6.5;5SPOKEMACHINED AND SILVER,,31.52,
ALY65779U20*CORE - WL;02-03 LANCER;15x6;7 SPOKE,,31.52,
ALY67501U77*CORE - WL RR;17-18 PNAMRA;21x11.5;10YMACHD LIP W/BRT HYPER SILV,,31.52,
ALY68840U30*CORE - WL;16-18 FORSTR;18X7;5DBL SMACHINED AND CHARCOAL,,31.52,
"ALY69560U30*CORE - 2011-2014 Toyota FJ Cruiser 17""x7.5"" (69560)",,31.52,
"ALY69590U20*CORE - 2011-2013 Toyota Corolla 16""x6.5"" (69590)",,31.52,
ALY69850U10*CORE - WL;08-14GOLF/JTTA/RAB;17X7;5SP,,31.52,
ALY69999U20*CORE - WL;16-18 PASSAT;16X6.5;10SPKALL PAINTED SILVER,,31.52,
ALY70010U20*CORE - WL;17 TIGUAN;18X8;5DBL SPK,,31.52,
ALY70032U45*CORE - WL;18 JETTA;16x6.5;20 SPOKEMACHINED/BLACK,,31.52,
"ALY70392U20*CORE - 2014-2015 Volvo S60 17""x8"" (70392)",,31.52,
"ALY70695U20*CORE - 2002-2005 Hyundai Sonata 16""x6"" (70695)",,31.52,
ALY71278U20*CORE - WL;08-13 X6;19X9;5 SPK W FLAREREAR;ALL PAINTED SILVER,,31.52,
ALY71541U20*CORE - WL;13-19 3 SER;18X8;10SPKALL PAINTED SILVER FRONT,,31.52,
ALY71628U20*CORE - WL;11-19 5/6 SER;18X8;10SPKMACHD AND MED SILVER,,31.52,
"ALY74180U78*CORE - 2004-2008 Lexus RX400H 18""x7"" (74180)",,31.52,
ALY74339U35*CORE - WL;16-19 LEX RX;20X8;20SPK,,31.52,
ALY74375U77*CORE - ALY74375U77*CORE,,31.52,
ALY75199U35*CORE - CORE;16-18 RAV4;17X7;10VN,,31.52,
ALY85559U35*CORE - 2017-2020 Mercedes Benz MERCEDES S-CLASS,,31.52,
"ALY86015U20*CORE - BMW 328i 17"" 2013 2014 Silver",,31.52,
ALY86035U10*CORE - WL;14-17 5/7 SER;19X8.5;15SPKMACH AND BRIGHT SILV/FRONT,,31.52,
ALY02521U20*CORE - ALY02521U20*CORE,,30.00,
ALY02543U91*CORE - WL;15-17 CHRGR;18X7.5;10SPKPOLISHED W/CHARCOAL VENTS,,30.00,
ALY03805U10*CORE - ALY03805U10*CORE,,30.00,
ALY04585U80*CORE - ALY04585U80*CORE,,30.00,
ALY04650U80*CORE - ALY04650U80*CORE,,30.00,
ALY05500U10*CORE - WL;11-19SIE/SLVR;17X7.5;5SPBRIGHT SILV MET MACHINED;SRW,,30.00,
ALY05757U35*CORE - ALY05757U35*CORE,,30.00,
ALY09148U20*CORE - WL;15-18 RENEGADE;17X7;5 YSPK,,30.00,
ALY09188U20*CORE - ALY09188U20*CORE,,30.00,
ALY10059U20*CORE - CORE;12-19EXPLORER;18X8;5SPK,,30.00,
ALY58947U20*CORE - ALY58947U20*CORE,,30.00,
ALY59370U80*CORE - ALY59370U80*CORE,,30.00,
ALY59383U20*CORE - ALY59383U20*CORE,,30.00,
ALY59493U20*CORE - 'WL;04-10 645I;19X8.5;7SPK;FT,,30.00,
ALY59547U78*CORE - ALY59547U78*CORE,,30.00,
"September 13, 2021 2:48:24 PM EDT",Page 19 of ,,21
Factory Wheel Warehouse,,,
Gross Sales By Product,,,
Date Range: 04/01/2021 - 06/30/2021,,,
 ,,,
Product,,Sales,
ALY59617U20*CORE - ALY59617U20*CORE,,30.00,
ALY62627U35*CORE - ALY62627U35*CORE,,30.00,
ALY62742U35*CORE - WL;17-19 PTHFNDR;18X7.5;15SPKMACHD AND MED CHARC,,30.00,
ALY63153U45*CORE - WL;19 HRV;18x7.5;10 SPOKE,,30.00,
"ALY64016U35*CORE - 2011-2012 Honda Accord 18""x8"" (64016)",,30.00,
ALY64963U77*CORE - Mazda CX9 20x7.5 et45 Hyper Silver Wheel,,30.00,
ALY65289U20*CORE - ALY65289U20*CORE,,30.00,
ALY02380U20*CORE - WL;10-17 CALB/PAT;17X6.5;5SPBRIGHT SILVER MET FF,,25.00,
"ALY09136U91*CORE - 2014-2016 Jeep Grand Cherokee 18""x8"" (9136)",,25.00,
"ALY58890U20*CORE - 2010-2014 Audi A5 18""x8.5"" (58890)",,25.00,
ALY59851U20*CORE - 10-15 jaguar XF 20X9.5 7 SPLIT SPOKE,,25.00,
"ALY62481U20*CORE - 2007-2009 Nissan Altima 17""x7"" (62481)",,25.00,
"ALY62551U20*CORE - 2010-2013 Nissan Altima 16""x7"" (62551)",,25.00,
"ALY63885U10*CORE - 2005-2006 Honda Odyssey 16""x7"" (63885A)",,25.00,
"ALY64024U20*CORE - 2012 Honda Civic 16""x6.5"" (64024)",,25.00,
ALY64047U20*CORE - WL;13-15 ACCORD;17X7.5;10S,,25.00,
ALY71601U20*CORE - WL;13 X1;18X8;5 SPKALL PAINTED BRIGHT SILVER,,16.00,
800 grit - sand paper,,0.00,
ALY05269U10 - WL;07-10 COBALT/G5;16X6;5 SPKMACHINED W/SILVER POCKETS,,0.00,
"ALY63849U20*CORE - 2003-2005 Honda Pilot 16""x6.5"" (63849)",,0.00,
"September 13, 2021 2:48:24 PM EDT",Page 20 of ,,21
